StartDate,EndDate,Status,IPAddress,Progress,Duration (in seconds),Finished,RecordedDate,ResponseId,RecipientLastName,RecipientFirstName,RecipientEmail,ExternalReference,LocationLatitude,LocationLongitude,DistributionChannel,UserLanguage,consent,attention,archeo_clear,archeo_surprise,archeo_know,archeo_learn,archeo_knowledge1,archeo_knowledge2,archeo_knowledge3,archeo_knowledge4,archeo_knowledge5,archeo_imp,archeo_comp,archeo_trust,"entom_clear ",entom_surprise,entom_know,entom_learn,entom_knowledge1,entom_knowledge2,entom_knowledge3,entom_knowledge4,entom_knowledge5,entom_imp,entom_comp,entom_trust,text1_int_rep_q1,text1_int_rep_q2_1,text1_int_rep_q2_2,text1_int_rep_q2_3,text1_int_rep_q2_4,text1_int_rep_q2_5,text1_int_rep_q2_6,text1_int_rep_q2_7,text1_int_rep_q2_8,text2_unint_mat_q1,text2_unint_mat_q2_1,text2_unint_mat_q2_2,text2_unint_mat_q2_3,text2_unint_mat_q2_4,text2_unint_mat_q2_5,text2_unint_mat_q2_6,text2_unint_mat_q2_7,text2_unint_mat_q2_8,text1_int_mat_q1,text1_int_mat_q2_1,text1_int_mat_q2_2,text1_int_mat_q2_3,text1_int_mat_q2_4,text1_int_mat_q2_5,text1_int_mat_q2_6,text1_int_mat_q2_7,text1_int_mat_q2_8,text2_unint_rep_q1,text2_unint_rep_q2_1,text2_unint_rep_q2_2,text2_unint_rep_q2_3,text2_unint_rep_q2_4,text2_unint_rep_q2_5,text2_unint_rep_q2_6,text2_unint_rep_q2_7,text2_unint_rep_q2_8,text1_unint_rep_q1,text1_unint_rep_q2_1,text1_unint_rep_q2_2,text1_unint_rep_q2_3,text1_unint_rep_q2_4,text1_unint_rep_q2_5,text1_unint_rep_q2_6,text1_unint_rep_q2_7,text1_unint_rep_q2_8,text2_int_mat_q1,text2_int_mat_q2_1,text2_int_mat_q2_2,text2_int_mat_q2_3,text2_int_mat_q2_4,text2_int_mat_q2_5,text2_int_mat_q2_6,text2_int_mat_q2_7,text2_int_mat_q2_8,text1_unint_mat_q1,text1_unint_mat_q2_1,text1_unint_mat_q2_2,text1_unint_mat_q2_3,text1_unint_mat_q2_4,text1_unint_mat_q2_5,text1_unint_mat_q2_6,text1_unint_mat_q2_7,text1_unint_mat_q2_8,text2_int_rep_q1,text2_int_rep_q2_1,text2_int_rep_q2_2,text2_int_rep_q2_3,text2_int_rep_q2_4,text2_int_rep_q2_5,text2_int_rep_q2_6,text2_int_rep_q2_7,text2_int_rep_q2_8,Q1,education,PROLIFIC_PID,condition,benefit_band,benefit_bookclub,intention_band,intention_bookclub
Start Date,End Date,Response Type,IP Address,Progress,Duration (in seconds),Finished,Recorded Date,Response ID,Recipient Last Name,Recipient First Name,Recipient Email,External Data Reference,Location Latitude,Location Longitude,Distribution Channel,User Language,"We invite you to participate in a scientific experiment. Participation requires that you give your informed consent. Before proceeding, please consider the following information:    The study will take about 6 minutes to complete.    There are no risks involved in this study.    You will be paid for your participation at the posted rate (provided that you complete the whole study, including demographic questions).    Your individual privacy will be maintained in all published and written data resulting from the study.     Participation in this research study is voluntary. You may choose not to participate.     By ticking the box below, and proceeding to the study task you certify that you have read this form, and agreed to participate in accordance with the above conditions.","Imagine you are playing video games with a friend and at some point your friend says:     “I don’t want to play this game anymore! To make sure that you read the instructions, please write the three following words ""I pay attention"" in the box below. I really dislike this game, it's the most overrated game ever.”      Do you agree with your friend?",How clear was the text ?,Did the text present any new or surprising information to you?,"After reading this text, do you now think that archeologists have more knowledge than you thought they did before?",How much do you feel you’ve learnt about human history by reading this text?,"According to the text, what can archaeologists determine from examining bones?","According to the text, how do archaeologists determine at what age someone stopped drinking their mother’s milk?","The text mentions nerves that are particularly enlarged in humans compared to apes, which are they?",Why is the canal containing a nerve going from the brain to the thorax enlarged in Neanderthals?,"According to the text, what evidence suggests that most Neanderthals were right-handed?",How impressive did you find the findings of the archaeologists described in the text ?,How competent do you think archaeologists are?,How much would you trust the discipline of archaeologists ?,How clear was the text ?,Did the text present any new or surprising information to you?,"After reading this text, do you now think that entomologists have more knowledge than you thought they did before?",How much do you feel you’ve learnt about insects by reading this text?,Which techniques have entomologists used to study flies' visual perception?,What is the order or magnitude of the shorter displays flies can perceive?,Where are the sensitive hairs found on crickets located?,What technique did entomologists use to study the sensitivity of cricket hairs?,"According to the passage, how sensitive are the cricket hairs to air motion changes?",How impressive did you find the findings of the entomologists described in the text ?,How competent do you think entomologists are?,How much would you trust the discipline of entomologists ?,Please rate your agreement with the following statement : I would like to have someone like Joe as a colleague.,How well do you think each of the following words describes Joe ? - Clever,How well do you think each of the following words describes Joe ? - Competent,How well do you think each of the following words describes Joe ? - Caring,How well do you think each of the following words describes Joe ? - Kind,How well do you think each of the following words describes Joe ? - Authentic,How well do you think each of the following words describes Joe ? - Likable,How well do you think each of the following words describes Joe ? - Manipulative,How well do you think each of the following words describes Joe ? - Trustworthy,Please rate your agreement with the following statement : I would like to have someone like Wendy in my bookclub.,How well do you think each of the following words describes Wendy ? - Clever,How well do you think each of the following words describes Wendy ? - Competent,How well do you think each of the following words describes Wendy ? - Caring,How well do you think each of the following words describes Wendy ? - Kind,How well do you think each of the following words describes Wendy ? - Authentic,How well do you think each of the following words describes Wendy ? - Likable,How well do you think each of the following words describes Wendy ? - Manipulative,How well do you think each of the following words describes Wendy ? - Trustworthy,Please rate your agreement with the following statement : I would like to have someone like Joe as a colleague.,How well do you think each of the following words describes Joe ? - Clever,How well do you think each of the following words describes Joe ? - Competent,How well do you think each of the following words describes Joe ? - Caring,How well do you think each of the following words describes Joe ? - Kind,How well do you think each of the following words describes Joe ? - Authentic,How well do you think each of the following words describes Joe ? - Likable,How well do you think each of the following words describes Joe ? - Manipulative,How well do you think each of the following words describes Joe ? - Trustworthy,Please rate your agreement with the following statement : I would like to have someone like Wendy in my bookclub.,How well do you think each of the following words describes Wendy ? - Clever,How well do you think each of the following words describes Wendy ? - Competent,How well do you think each of the following words describes Wendy ? - Caring,How well do you think each of the following words describes Wendy ? - Kind,How well do you think each of the following words describes Wendy ? - Authentic,How well do you think each of the following words describes Wendy ? - Likable,How well do you think each of the following words describes Wendy ? - Manipulative,How well do you think each of the following words describes Wendy ? - Trustworthy,Please rate your agreement with the following statement : I would like to have someone like Joe as a colleague.,How well do you think each of the following words describes Joe ? - Clever,How well do you think each of the following words describes Joe ? - Competent,How well do you think each of the following words describes Joe ? - Caring,How well do you think each of the following words describes Joe ? - Kind,How well do you think each of the following words describes Joe ? - Authentic,How well do you think each of the following words describes Joe ? - Likable,How well do you think each of the following words describes Joe ? - Manipulative,How well do you think each of the following words describes Joe ? - Trustworthy,Please rate your agreement with the following statement : I would like to have someone like Wendy in my bookclub.,How well do you think each of the following words describes Wendy ? - Clever,How well do you think each of the following words describes Wendy ? - Competent,How well do you think each of the following words describes Wendy ? - Caring,How well do you think each of the following words describes Wendy ? - Kind,How well do you think each of the following words describes Wendy ? - Authentic,How well do you think each of the following words describes Wendy ? - Likable,How well do you think each of the following words describes Wendy ? - Manipulative,How well do you think each of the following words describes Wendy ? - Trustworthy,Please rate your agreement with the following statement : I would like to have someone like Joe as a colleague.,How well do you think each of the following words describes Joe ? - Clever,How well do you think each of the following words describes Joe ? - Competent,How well do you think each of the following words describes Joe ? - Caring,How well do you think each of the following words describes Joe ? - Kind,How well do you think each of the following words describes Joe ? - Authentic,How well do you think each of the following words describes Joe ? - Likable,How well do you think each of the following words describes Joe ? - Manipulative,How well do you think each of the following words describes Joe ? - Trustworthy,Please rate your agreement with the following statement : I would like to have someone like Wendy in my bookclub.,How well do you think each of the following words describes Wendy ? - Clever,How well do you think each of the following words describes Wendy ? - Competent,How well do you think each of the following words describes Wendy ? - Caring,How well do you think each of the following words describes Wendy ? - Kind,How well do you think each of the following words describes Wendy ? - Authentic,How well do you think each of the following words describes Wendy ? - Likable,How well do you think each of the following words describes Wendy ? - Manipulative,How well do you think each of the following words describes Wendy ? - Trustworthy,"Before finishing, please provide the following information. Once you are done, please do not forget to press the arrow to complete the survey and get your completion code.",What is the highest level of education you have completed?,PROLIFIC_PID,condition,benefit_band,benefit_bookclub,intention_band,intention_bookclub
"{""ImportId"":""startDate"",""timeZone"":""Europe/Berlin""}","{""ImportId"":""endDate"",""timeZone"":""Europe/Berlin""}","{""ImportId"":""status""}","{""ImportId"":""ipAddress""}","{""ImportId"":""progress""}","{""ImportId"":""duration""}","{""ImportId"":""finished""}","{""ImportId"":""recordedDate"",""timeZone"":""Europe/Berlin""}","{""ImportId"":""_recordId""}","{""ImportId"":""recipientLastName""}","{""ImportId"":""recipientFirstName""}","{""ImportId"":""recipientEmail""}","{""ImportId"":""externalDataReference""}","{""ImportId"":""locationLatitude""}","{""ImportId"":""locationLongitude""}","{""ImportId"":""distributionChannel""}","{""ImportId"":""userLanguage""}","{""ImportId"":""QID1211687480""}","{""ImportId"":""QID1211687479_TEXT""}","{""ImportId"":""QID229""}","{""ImportId"":""QID230""}","{""ImportId"":""QID237""}","{""ImportId"":""QID238""}","{""ImportId"":""QID199""}","{""ImportId"":""QID200""}","{""ImportId"":""QID201""}","{""ImportId"":""QID202""}","{""ImportId"":""QID203""}","{""ImportId"":""QID220""}","{""ImportId"":""QID221""}","{""ImportId"":""QID222""}","{""ImportId"":""QID223""}","{""ImportId"":""QID228""}","{""ImportId"":""QID235""}","{""ImportId"":""QID236""}","{""ImportId"":""QID193""}","{""ImportId"":""QID194""}","{""ImportId"":""QID195""}","{""ImportId"":""QID197""}","{""ImportId"":""QID198""}","{""ImportId"":""QID147""}","{""ImportId"":""QID149""}","{""ImportId"":""QID150""}","{""ImportId"":""QID257""}","{""ImportId"":""QID248_1""}","{""ImportId"":""QID248_4""}","{""ImportId"":""QID248_5""}","{""ImportId"":""QID248_6""}","{""ImportId"":""QID248_7""}","{""ImportId"":""QID248_8""}","{""ImportId"":""QID248_9""}","{""ImportId"":""QID248_10""}","{""ImportId"":""QID277""}","{""ImportId"":""QID278_1""}","{""ImportId"":""QID278_4""}","{""ImportId"":""QID278_5""}","{""ImportId"":""QID278_6""}","{""ImportId"":""QID278_7""}","{""ImportId"":""QID278_8""}","{""ImportId"":""QID278_9""}","{""ImportId"":""QID278_10""}","{""ImportId"":""QID259""}","{""ImportId"":""QID260_1""}","{""ImportId"":""QID260_4""}","{""ImportId"":""QID260_5""}","{""ImportId"":""QID260_6""}","{""ImportId"":""QID260_7""}","{""ImportId"":""QID260_8""}","{""ImportId"":""QID260_9""}","{""ImportId"":""QID260_10""}","{""ImportId"":""QID274""}","{""ImportId"":""QID275_1""}","{""ImportId"":""QID275_4""}","{""ImportId"":""QID275_5""}","{""ImportId"":""QID275_6""}","{""ImportId"":""QID275_7""}","{""ImportId"":""QID275_8""}","{""ImportId"":""QID275_9""}","{""ImportId"":""QID275_10""}","{""ImportId"":""QID262""}","{""ImportId"":""QID263_1""}","{""ImportId"":""QID263_4""}","{""ImportId"":""QID263_5""}","{""ImportId"":""QID263_6""}","{""ImportId"":""QID263_7""}","{""ImportId"":""QID263_8""}","{""ImportId"":""QID263_9""}","{""ImportId"":""QID263_10""}","{""ImportId"":""QID271""}","{""ImportId"":""QID272_1""}","{""ImportId"":""QID272_4""}","{""ImportId"":""QID272_5""}","{""ImportId"":""QID272_6""}","{""ImportId"":""QID272_7""}","{""ImportId"":""QID272_8""}","{""ImportId"":""QID272_9""}","{""ImportId"":""QID272_10""}","{""ImportId"":""QID265""}","{""ImportId"":""QID266_1""}","{""ImportId"":""QID266_4""}","{""ImportId"":""QID266_5""}","{""ImportId"":""QID266_6""}","{""ImportId"":""QID266_7""}","{""ImportId"":""QID266_8""}","{""ImportId"":""QID266_9""}","{""ImportId"":""QID266_10""}","{""ImportId"":""QID268""}","{""ImportId"":""QID269_1""}","{""ImportId"":""QID269_4""}","{""ImportId"":""QID269_5""}","{""ImportId"":""QID269_6""}","{""ImportId"":""QID269_7""}","{""ImportId"":""QID269_8""}","{""ImportId"":""QID269_9""}","{""ImportId"":""QID269_10""}","{""ImportId"":""QID1215358043""}","{""ImportId"":""QID1215358046""}","{""ImportId"":""PROLIFIC_PID""}","{""ImportId"":""condition""}","{""ImportId"":""benefit_band""}","{""ImportId"":""benefit_bookclub""}","{""ImportId"":""intention_band""}","{""ImportId"":""intention_bookclub""}"
2024-06-07 18:36:17,2024-06-07 18:40:29,0,86.166.201.251,100,251,1,2024-06-07 18:40:29,R_2YywX7FehBKXOFj,,,,,51.3975,-0.3507,anonymous,EN,1,I pay attention,,,,,,,,,,,,,2,4,4,3,0,0,1,1,0,4,4,4,,,,,,,,,,,,,,,,,,,,,,,,,,,,,,,,,,,,,,,,,,,,,,,,,,,,,,,5,5,5,5,5,6,5,4,5,7,5,7,7,7,7,7,3,6,,5,56e87c23eefcff000596f0c1,distraction,0,1,0,1
2024-06-07 18:39:33,2024-06-07 18:41:34,0,167.98.155.151,100,121,1,2024-06-07 18:41:35,R_2PpUwuWAyGNDL3S,,,,,51.5428,-0.1978,anonymous,EN,1,i pay attention,4,5,5,3,1,0,0,0,0,4,5,5,,,,,,,,,,,,,9,9,8,9,9,6,8,7,8,9,9,9,9,9,9,9,1,9,,,,,,,,,,,,,,,,,,,,,,,,,,,,,,,,,,,,,,,,,,,,,,,,,,,,,,,,5,63d79d9bdcff357d2f18fff0,distraction,1,0,1,0
2024-06-07 18:39:09,2024-06-07 18:42:11,0,81.79.14.170,100,181,1,2024-06-07 18:42:12,R_2AFJObkKh5wr9UL,,,,,51.4805,-0.0113,anonymous,EN,1,I pay attention,,,,,,,,,,,,,5,4,4,4,1,1,1,1,1,4,5,4,,,,,,,,,,,,,,,,,,,,,,,,,,,,,,,,,,,,,8,4,5,5,5,8,7,2,7,7,7,6,8,8,7,7,1,7,,,,,,,,,,,,,,,,,,,,5,6093bbe2d2c5537241164571,control,1,0,0,1
2024-06-07 18:39:24,2024-06-07 18:42:24,0,86.12.239.105,100,179,1,2024-06-07 18:42:24,R_21vtAVq2TPdGomn,,,,,50.8494,-1.1777,anonymous,EN,1,I pay attention,5,5,5,4,1,0,1,0,1,5,4,4,,,,,,,,,,,,,,,,,,,,,,,,,,,,,,,6,6,6,6,5,5,6,3,7,8,6,7,7,7,7,7,3,6,,,,,,,,,,,,,,,,,,,,,,,,,,,,,,,,,,,,,,4,5f744d89a37f7b1e74d264a2,control,0,1,1,0
2024-06-07 18:39:59,2024-06-07 18:42:35,0,165.120.199.247,100,155,1,2024-06-07 18:42:35,R_2kSOGV5OIX4QRHk,,,,,56.4806,-2.9358,anonymous,EN,1,"I pay attention ",,,,,,,,,,,,,4,4,5,4,0,0,0,1,0,5,5,5,,,,,,,,,,,,,,,,,,,,,,,,,,,,,,,,,,,,,5,5,5,5,5,5,6,6,5,7,8,8,8,8,8,8,3,8,,,,,,,,,,,,,,,,,,,,6,5f58b678d49cef03d3696884,distraction,1,0,0,1
2024-06-07 18:39:50,2024-06-07 18:42:37,0,86.3.109.61,100,166,1,2024-06-07 18:42:37,R_242ZJ8x98nb9bFd,,,,,51.4866,-3.1549,anonymous,EN,1,I pay attention,4,5,5,4,0,0,0,0,1,5,4,4,,,,,,,,,,,,,6,7,5,5,5,4,7,3,5,8,7,7,8,7,6,8,3,7,,,,,,,,,,,,,,,,,,,,,,,,,,,,,,,,,,,,,,,,,,,,,,,,,,,,,,,,5,62ce98befb7d0dbd39cc070d,control,1,0,1,0
2024-06-07 18:39:06,2024-06-07 18:42:38,0,83.100.130.146,100,212,1,2024-06-07 18:42:39,R_2v3bt62YkbYOxCr,,,,,53.7426,-0.3295,anonymous,EN,1,i pay attention,2,4,5,3,1,1,1,0,1,4,4,5,,,,,,,,,,,,,,,,,,,,,,,,,,,,,,,,,,,,,,,,,,,,,,,,,,,,,,,,,,,,,,,,,,,5,4,4,4,4,4,4,4,4,8,5,6,6,7,6,6,2,6,,2,5ea5ab953728485a2d53e033,control,0,1,0,1
2024-06-07 18:39:21,2024-06-07 18:42:42,0,86.4.149.120,100,200,1,2024-06-07 18:42:42,R_8CJxpOZzuprY8fE,,,,,53.5866,-2.4354,anonymous,EN,1,I pay attention,5,2,4,2,0,1,1,1,1,4,4,5,,,,,,,,,,,,,,,,,,,,,,,,,,,,,,,,,,,,,,,,,,,,,,,,,7,5,5,5,5,8,7,5,5,9,7,8,9,9,9,9,1,9,,,,,,,,,,,,,,,,,,,,5,55d4c46f58c35800113dc131,control,1,0,0,1
2024-06-07 18:39:30,2024-06-07 18:42:42,0,86.31.117.186,100,192,1,2024-06-07 18:42:43,R_2CqCnXLxzExJAdt,,,,,53.3933,-2.1336,anonymous,EN,1,I pay attention,3,4,4,4,1,0,1,0,1,4,4,4,,,,,,,,,,,,,,,,,,,,,,,,,,,,,,,,,,,,,,,,,,,,,,,,,5,5,5,5,5,6,6,4,5,6,6,5,5,5,5,6,4,5,,,,,,,,,,,,,,,,,,,,3,60dcb3f3e2ea696019e59af9,control,1,0,0,1
2024-06-07 18:39:24,2024-06-07 18:42:45,0,109.147.20.9,100,200,1,2024-06-07 18:42:45,R_2otD3qXUVrifc03,,,,,51.0686,-4.0203,anonymous,EN,1,I pay attention,,,,,,,,,,,,,4,4,5,4,0,1,1,1,1,5,5,5,6,6,5,6,5,6,7,5,5,7,5,5,8,8,7,8,5,5,,,,,,,,,,,,,,,,,,,,,,,,,,,,,,,,,,,,,,,,,,,,,,,,,,,,,,,,5,55116f91fdf99b5ef4a94a2b,distraction,1,0,1,0
2024-06-07 18:39:29,2024-06-07 18:42:46,0,84.66.60.61,100,196,1,2024-06-07 18:42:46,R_2ZWT9hao37jEEVi,,,,,51.4102,-2.6023,anonymous,EN,1,I pay attention,4,5,4,4,0,0,1,1,1,5,4,4,,,,,,,,,,,,,,,,,,,,,,,,,,,,,,,5,7,8,4,4,4,5,7,4,5,4,5,4,5,4,5,2,5,,,,,,,,,,,,,,,,,,,,,,,,,,,,,,,,,,,,,,3,57165ba7c5aca2000a8d32ca,distraction,0,1,1,0
2024-06-07 18:39:36,2024-06-07 18:42:57,0,31.185.218.163,100,201,1,2024-06-07 18:42:58,R_2ScpxKN26Sgp9rS,,,,,51.9551,-0.916,anonymous,EN,1,"I pay attention ",5,3,2,3,0,0,1,1,1,3,4,4,,,,,,,,,,,,,4,7,6,4,4,4,5,7,5,6,6,5,7,7,7,7,2,7,,,,,,,,,,,,,,,,,,,,,,,,,,,,,,,,,,,,,,,,,,,,,,,,,,,,,,,,8,60fc0509aec9e4bdf885cfa0,control,1,0,1,0
2024-06-07 18:40:04,2024-06-07 18:43:08,0,109.158.163.171,100,184,1,2024-06-07 18:43:08,R_2Q5co8CBbDDMnge,,,,,52.1929,0.1256,anonymous,EN,1,I pay attention,,,,,,,,,,,,,4,5,5,4,0,0,0,1,0,4,5,4,,,,,,,,,,,,,,,,,,,4,6,4,4,5,4,4,7,4,9,6,7,8,8,8,8,3,7,,,,,,,,,,,,,,,,,,,,,,,,,,,,,,,,,,,,,,2,66621ce0d4f4f0e541825b4e,distraction,0,1,1,0
2024-06-07 18:39:25,2024-06-07 18:43:13,0,94.12.193.30,100,227,1,2024-06-07 18:43:13,R_2fkSXANcNsus34g,,,,,53.7407,-1.4903,anonymous,EN,1,I pay attention,3,4,4,4,0,1,1,0,0,4,4,4,,,,,,,,,,,,,,,,,,,,,,,,,,,,,,,,,,,,,,,,,,,,,,,,,6,5,5,6,5,7,7,3,6,7,7,8,8,8,8,7,2,8,,,,,,,,,,,,,,,,,,,,3,65bfdd21e3748fecb2718c2e,distraction,1,0,0,1
2024-06-07 18:39:40,2024-06-07 18:43:16,0,86.165.238.185,100,216,1,2024-06-07 18:43:16,R_2rTLd3Pf9TWh6sB,,,,,52.4141,-0.5216,anonymous,EN,1,I pay attention,,,,,,,,,,,,,2,4,4,2,1,0,0,0,0,2,5,4,,,,,,,,,,,,,,,,,,,5,6,6,6,5,4,5,6,6,6,5,4,6,5,5,5,5,7,,,,,,,,,,,,,,,,,,,,,,,,,,,,,,,,,,,,,,6,6658b9982372dfd4a6fdbf22,control,0,1,1,0
2024-06-07 18:39:43,2024-06-07 18:43:17,0,109.158.180.134,100,213,1,2024-06-07 18:43:17,R_2HpI91va6RIJcgg,,,,,51.1313,-0.0063,anonymous,EN,1,I pay attention,,,,,,,,,,,,,5,5,5,3,1,0,1,1,1,5,5,5,3,5,5,5,5,3,5,7,5,5,4,4,7,7,6,7,5,6,,,,,,,,,,,,,,,,,,,,,,,,,,,,,,,,,,,,,,,,,,,,,,,,,,,,,,,,6,5ef1e33a86d17508df13c097,control,1,0,1,0
2024-06-07 18:39:37,2024-06-07 18:43:19,0,86.177.243.105,100,222,1,2024-06-07 18:43:20,R_2GPdUIzSNkXhEsN,,,,,50.8931,0.6243,anonymous,EN,1,I pay attention,,,,,,,,,,,,,4,5,4,3,1,0,0,1,0,4,5,4,,,,,,,,,,,,,,,,,,,5,7,4,4,4,2,4,8,3,7,5,4,8,8,7,7,3,4,,,,,,,,,,,,,,,,,,,,,,,,,,,,,,,,,,,,,,5,5f3e6a07e06e71069f919082,distraction,0,1,1,0
2024-06-07 18:39:44,2024-06-07 18:43:21,0,5.69.152.55,100,217,1,2024-06-07 18:43:21,R_2vlBVlXeoVLb77X,,,,,53.4558,-1.5023,anonymous,EN,1,I pay attention,,,,,,,,,,,,,4,4,4,2,1,1,1,1,1,4,5,3,5,5,5,5,5,5,5,5,5,5,5,5,5,5,5,5,5,5,,,,,,,,,,,,,,,,,,,,,,,,,,,,,,,,,,,,,,,,,,,,,,,,,,,,,,,,2,5eb12f8510e0ce205e7b25c7,control,1,0,1,0
2024-06-07 18:39:46,2024-06-07 18:43:22,0,84.65.248.16,100,215,1,2024-06-07 18:43:22,R_2xA9xix5qvwX6ww,,,,,52.9987,-1.1953,anonymous,EN,1,I pay attention,,,,,,,,,,,,,4,5,4,4,0,0,0,1,1,5,5,5,,,,,,,,,,,,,,,,,,,,,,,,,,,,,,,,,,,,,,,,,,,,,,,,,,,,,,,5,5,5,5,5,9,5,1,5,9,5,9,9,9,9,9,1,9,,5,665c050b07508f6c4f8d01e0,control,0,1,0,1
2024-06-07 18:39:49,2024-06-07 18:43:24,0,82.6.221.137,100,215,1,2024-06-07 18:43:24,R_20eqftyMI8qRYn7,,,,,50.7241,-1.7891,anonymous,EN,1,I pay attention,2,2,1,2,0,0,0,1,1,3,4,3,,,,,,,,,,,,,,,,,,,,,,,,,,,,,,,5,5,5,5,6,8,5,3,5,4,6,7,9,8,8,8,2,7,,,,,,,,,,,,,,,,,,,,,,,,,,,,,,,,,,,,,,2,629f6b8c65fcae219e245284,distraction,0,1,1,0
2024-06-07 18:39:46,2024-06-07 18:43:25,0,82.15.32.54,100,218,1,2024-06-07 18:43:25,R_2cM5dPRyBBtSf6h,,,,,51.7878,0.2114,anonymous,EN,1,I pay attention,,,,,,,,,,,,,4,5,4,3,1,1,1,1,1,4,4,4,,,,,,,,,,,,,,,,,,,,,,,,,,,,,,,,,,,,,5,5,5,5,5,5,5,3,5,5,5,7,5,5,5,5,2,5,,,,,,,,,,,,,,,,,,,,5,5efa358d3b02ed8465b9a726,distraction,1,0,0,1
2024-06-07 18:39:32,2024-06-07 18:43:28,0,77.98.82.16,100,235,1,2024-06-07 18:43:28,R_2y3DI2ukj9gy7Bp,,,,,51.3188,-2.2034,anonymous,EN,1,i pay attention,4,4,4,4,1,1,1,1,1,4,4,4,,,,,,,,,,,,,,,,,,,,,,,,,,,,,,,7,7,7,6,7,7,8,5,7,7,7,7,8,8,7,8,2,7,,,,,,,,,,,,,,,,,,,,,,,,,,,,,,,,,,,,,,4,5b75ac687dc4b00001af4e50,control,0,1,1,0
2024-06-07 18:39:32,2024-06-07 18:43:30,0,82.5.94.162,100,238,1,2024-06-07 18:43:31,R_2qPSRfk2QF8o6eQ,,,,,52.455,-1.8641,anonymous,EN,1,I pay attention,5,4,3,3,0,1,1,1,0,4,4,4,,,,,,,,,,,,,,,,,,,,,,,,,,,,,,,,,,,,,,,,,,,,,,,,,,,,,,,,,,,,,,,,,,,8,7,7,7,6,8,8,5,7,8,7,8,8,7,8,8,5,8,,3,5a62207c13898300014b1fbb,control,0,1,0,1
2024-06-07 18:39:47,2024-06-07 18:43:35,0,2.217.228.3,100,228,1,2024-06-07 18:43:36,R_31aSNhvB0ksgZxm,,,,,54.5396,-5.975,anonymous,EN,1,"I pay attention ",,,,,,,,,,,,,4,4,4,5,1,1,0,0,1,4,5,4,,,,,,,,,,,,,,,,,,,,,,,,,,,,,,,,,,,,,9,6,8,7,6,9,9,2,8,9,7,8,9,9,9,9,1,9,,,,,,,,,,,,,,,,,,,,2,6009c2e026bf46086f1c7267,distraction,1,0,0,1
2024-06-07 18:39:53,2024-06-07 18:43:37,0,90.240.70.24,100,223,1,2024-06-07 18:43:37,R_2kWpzBBfsDhnqpj,,,,,55.9402,-4.1605,anonymous,EN,1,I pay attention,,,,,,,,,,,,,4,5,4,4,1,1,1,1,1,4,4,4,5,5,5,5,5,4,5,9,5,5,7,6,9,9,9,9,5,9,,,,,,,,,,,,,,,,,,,,,,,,,,,,,,,,,,,,,,,,,,,,,,,,,,,,,,,,6,59a5b35c5954130001582a40,distraction,1,0,1,0
2024-06-07 18:40:00,2024-06-07 18:43:48,0,92.40.186.119,100,228,1,2024-06-07 18:43:48,R_20tQFVoJKqz3E8y,,,,,52.5062,-1.9425,anonymous,EN,1,I pay attention,4,4,3,3,0,1,1,1,0,4,4,4,,,,,,,,,,,,,,,,,,,,,,,,,,,,,,,,,,,,,,,,,,,,,,,,,6,5,5,5,5,5,5,1,5,9,8,8,8,8,8,8,1,8,,,,,,,,,,,,,,,,,,,,5,5cf58c09370a0800017d209d,control,1,0,0,1
2024-06-07 18:40:03,2024-06-07 18:43:49,0,86.138.198.0,100,225,1,2024-06-07 18:43:50,R_2EZvTilgFT2n1Da,,,,,53.8226,-1.568,anonymous,EN,1,I pay attention,,,,,,,,,,,,,4,3,4,3,1,0,1,0,0,4,5,4,,,,,,,,,,,,,,,,,,,,,,,,,,,,,,,,,,,,,,,,,,,,,,,,,,,,,,,6,5,7,5,5,6,7,2,5,8,6,8,7,7,6,7,1,7,,5,5e4feb8037713502e9ed364b,control,0,1,0,1
2024-06-07 18:39:18,2024-06-07 18:43:50,0,209.35.90.133,100,272,1,2024-06-07 18:43:51,R_291k4fgifrqilTh,,,,,53.481,-2.2367,anonymous,EN,1,I pay attention,,,,,,,,,,,,,5,3,3,4,1,0,1,1,1,4,5,5,5,6,5,5,5,4,6,6,5,7,6,6,7,8,7,7,4,7,,,,,,,,,,,,,,,,,,,,,,,,,,,,,,,,,,,,,,,,,,,,,,,,,,,,,,,,5,5dbf261c3b89f23ccd3007af,distraction,1,0,1,0
2024-06-07 18:40:00,2024-06-07 18:43:55,0,148.252.128.158,100,235,1,2024-06-07 18:43:55,R_2GwXt9CkwFhm1T4,,,,,51.4964,-0.1224,anonymous,EN,1,"I pay attention ",5,2,3,2,1,1,1,1,1,3,5,4,,,,,,,,,,,,,5,7,8,7,7,7,7,6,7,7,6,7,8,8,8,8,3,8,,,,,,,,,,,,,,,,,,,,,,,,,,,,,,,,,,,,,,,,,,,,,,,,,,,,,,,,6,62a727c0b6efe57fb90a5b86,distraction,1,0,1,0
2024-06-07 18:39:52,2024-06-07 18:43:56,0,90.199.136.74,100,244,1,2024-06-07 18:43:57,R_2hGQPzTktupP7Ho,,,,,52.6049,-1.1488,anonymous,EN,1,I pay attention,2,3,3,2,1,0,1,0,0,4,4,4,,,,,,,,,,,,,,,,,,,,,,,,,,,,,,,,,,,,,,,,,,,,,,,,,7,6,7,5,5,5,7,2,5,5,5,7,7,7,7,7,1,5,,,,,,,,,,,,,,,,,,,,5,6156fef09d1ab07148870099,control,1,0,0,1
2024-06-07 18:40:02,2024-06-07 18:43:57,0,86.155.146.48,100,234,1,2024-06-07 18:43:58,R_2hE8T4ALz6aGa99,,,,,53.8151,-3.0603,anonymous,EN,1,I pay attention,,,,,,,,,,,,,4,5,5,3,1,1,1,0,0,2,5,3,,,,,,,,,,,,,,,,,,,9,9,9,7,7,9,8,1,9,9,9,9,9,9,9,9,1,9,,,,,,,,,,,,,,,,,,,,,,,,,,,,,,,,,,,,,,2,604d5e61486bd0622d2102c0,distraction,0,1,1,0
2024-06-07 18:40:44,2024-06-07 18:43:58,0,90.216.109.35,100,193,1,2024-06-07 18:43:58,R_2IS0uNckec3HhVb,,,,,55.9355,-3.644,anonymous,EN,1,I pay attention,5,4,4,4,0,1,1,1,1,5,5,4,,,,,,,,,,,,,,,,,,,,,,,,,,,,,,,,,,,,,,,,,,,,,,,,,5,5,5,7,5,9,5,5,5,9,5,5,8,8,8,8,5,6,,,,,,,,,,,,,,,,,,,,7,5eea1be10e95520beb9fa654,control,1,0,0,1
2024-06-07 18:39:58,2024-06-07 18:43:59,0,80.5.9.78,100,240,1,2024-06-07 18:43:59,R_2ZVTvMQKw89l2ZC,,,,,51.3986,-3.2791,anonymous,EN,1,I pay attention,5,3,3,4,0,0,0,1,1,5,5,5,,,,,,,,,,,,,,,,,,,,,,,,,,,,,,,,,,,,,,,,,,,,,,,,,,,,,,,,,,,,,,,,,,,6,6,6,6,7,8,7,2,7,8,7,8,8,8,8,8,1,7,,4,62d6d87d91cf24a3c1c0f10c,distraction,0,1,0,1
2024-06-07 18:39:22,2024-06-07 18:44:05,0,188.30.122.245,100,282,1,2024-06-07 18:44:05,R_2TtRiDU6YvRQU7f,,,,,52.9538,-1.1571,anonymous,EN,1,I pay attention,4,4,3,3,0,0,1,1,1,3,4,4,,,,,,,,,,,,,,,,,,,,,,,,,,,,,,,6,8,7,7,7,7,7,6,7,7,7,7,7,7,7,7,5,7,,,,,,,,,,,,,,,,,,,,,,,,,,,,,,,,,,,,,,3,5d49d17b3dad1f0001e2aba1,control,0,1,1,0
2024-06-07 18:39:36,2024-06-07 18:44:07,0,94.12.69.27,100,271,1,2024-06-07 18:44:08,R_20oN9Dt077xLrqo,,,,,53.3681,-1.3762,anonymous,EN,1,I pay attention,5,4,2,4,1,1,1,1,1,4,5,5,,,,,,,,,,,,,7,7,7,7,8,9,9,6,8,8,7,7,9,9,8,9,1,8,,,,,,,,,,,,,,,,,,,,,,,,,,,,,,,,,,,,,,,,,,,,,,,,,,,,,,,,5,655e09fc282e4139c82f834a,distraction,1,0,1,0
2024-06-07 18:39:23,2024-06-07 18:44:08,0,78.144.254.106,100,284,1,2024-06-07 18:44:08,R_2jBCUHZ06QNx161,,,,,53.5769,-2.7185,anonymous,EN,1,I pay attention,,,,,,,,,,,,,4,4,4,2,1,1,1,1,1,2,4,3,4,5,6,5,5,6,5,6,5,3,5,6,7,5,5,4,5,5,,,,,,,,,,,,,,,,,,,,,,,,,,,,,,,,,,,,,,,,,,,,,,,,,,,,,,,,2,5774ed97d8e8880001b2ff6c,control,1,0,1,0
2024-06-07 18:40:03,2024-06-07 18:44:12,0,82.132.245.167,100,248,1,2024-06-07 18:44:12,R_2eHM2jNPTfhptux,,,,,52.4663,-1.8544,anonymous,EN,1,"I pay attention ",4,4,3,3,0,0,1,1,1,4,5,4,,,,,,,,,,,,,,,,,,,,,,,,,,,,,,,,,,,,,,,,,,,,,,,,,,,,,,,,,,,,,,,,,,,5,3,5,3,5,5,6,2,4,4,4,3,5,5,5,5,2,5,,3,6575c4ea606a4f38b29e4e5d,control,0,1,0,1
2024-06-07 18:40:08,2024-06-07 18:44:12,0,86.150.229.44,100,244,1,2024-06-07 18:44:13,R_8UbIxN01oMS0HdX,,,,,51.9618,0.1401,anonymous,EN,1,i pay attention,,,,,,,,,,,,,4,4,3,4,1,0,1,0,1,4,4,3,,,,,,,,,,,,,,,,,,,5,5,5,5,5,5,5,5,5,5,5,5,7,6,6,6,5,5,,,,,,,,,,,,,,,,,,,,,,,,,,,,,,,,,,,,,,5,57a0d81d81f331000139d989,control,0,1,1,0
2024-06-07 18:40:34,2024-06-07 18:44:15,0,86.176.93.136,100,221,1,2024-06-07 18:44:15,R_2f9jtYjinuyUu9x,,,,,51.0686,-4.0203,anonymous,EN,1,I pay attention,,,,,,,,,,,,,4,4,4,5,1,0,0,1,1,4,5,4,,,,,,,,,,,,,,,,,,,,,,,,,,,,,,,,,,,,,,,,,,,,,,,,,,,,,,,6,6,4,4,5,8,7,2,5,7,7,7,8,7,6,7,1,8,,5,5781511fad1a6c00014658b7,distraction,0,1,0,1
2024-06-07 18:40:08,2024-06-07 18:44:17,0,31.94.22.43,100,249,1,2024-06-07 18:44:18,R_7li5YpwRz4dbGUq,,,,,51.4964,-0.1224,anonymous,EN,1,I pay attention,4,3,4,3,1,0,0,1,0,4,4,4,,,,,,,,,,,,,2,4,2,2,2,4,4,7,3,8,6,5,8,7,8,7,2,8,,,,,,,,,,,,,,,,,,,,,,,,,,,,,,,,,,,,,,,,,,,,,,,,,,,,,,,,2,5cf91e29355edf001972c156,control,1,0,1,0
2024-06-07 18:39:41,2024-06-07 18:44:18,0,81.103.90.214,100,277,1,2024-06-07 18:44:19,R_2pRuNlEuatDZsnn,,,,,53.5652,-2.3765,anonymous,EN,1,i pay attention,,,,,,,,,,,,,4,4,3,4,1,1,1,1,1,4,4,4,,,,,,,,,,,,,,,,,,,9,8,8,8,8,8,8,2,8,9,6,7,9,8,8,8,2,8,,,,,,,,,,,,,,,,,,,,,,,,,,,,,,,,,,,,,,3,6606d4f4acdc3a6b8200c0ee,control,0,1,1,0
2024-06-07 18:39:25,2024-06-07 18:44:19,0,2.98.96.205,100,293,1,2024-06-07 18:44:19,R_2kwc5H6DmSHBl0Y,,,,,51.4623,-2.5502,anonymous,EN,1,I pay attention,,,,,,,,,,,,,2,4,3,2,0,0,0,1,0,3,4,4,,,,,,,,,,,,,,,,,,,,,,,,,,,,,,,,,,,,,,,,,,,,,,,,,,,,,,,2,5,5,5,5,4,4,2,6,6,5,5,7,7,6,6,2,7,,5,56a7da16c89737000b22953c,control,0,1,0,1
2024-06-07 18:39:55,2024-06-07 18:44:21,0,80.44.210.8,100,266,1,2024-06-07 18:44:22,R_2OJxSF3QFj5jS3d,,,,,55.0021,-1.6287,anonymous,EN,1,I pay attention,4,2,4,3,1,1,1,1,1,4,4,4,,,,,,,,,,,,,,,,,,,,,,,,,,,,,,,,,,,,,,,,,,,,,,,,,,,,,,,,,,,,,,,,,,,5,5,6,5,6,7,6,4,6,5,6,7,8,8,7,7,2,8,,2,5dc486da84799a35fbede98d,control,0,1,0,1
2024-06-07 18:39:40,2024-06-07 18:44:21,0,165.225.17.96,100,281,1,2024-06-07 18:44:22,R_2wLlqcOHXq56t6L,,,,,51.5074,-0.1196,anonymous,EN,1,I pay attention,5,4,5,5,0,1,1,1,1,5,5,5,,,,,,,,,,,,,,,,,,,,,,,,,,,,,,,,,,,,,,,,,,,,,,,,,5,5,5,5,5,7,6,2,5,7,5,5,9,9,8,9,1,8,,,,,,,,,,,,,,,,,,,,5,6310eda535a15a7ca2e0cfbc,distraction,1,0,0,1
2024-06-07 18:39:56,2024-06-07 18:44:23,0,81.79.186.193,100,266,1,2024-06-07 18:44:23,R_2IVLeuUVDOgwkkV,,,,,52.4477,-1.8907,anonymous,EN,1,I pay attention,,,,,,,,,,,,,4,5,3,4,1,1,1,1,1,4,5,4,,,,,,,,,,,,,,,,,,,,,,,,,,,,,,,,,,,,,,,,,,,,,,,,,,,,,,,6,5,5,5,5,7,6,3,6,8,7,7,6,7,9,8,3,7,,2,58542426733c730001a5d1f4,distraction,0,1,0,1
2024-06-07 18:39:28,2024-06-07 18:44:23,0,159.180.116.247,100,295,1,2024-06-07 18:44:24,R_2lY0Ll8ygcVpSYI,,,,,55.3965,-2.6822,anonymous,EN,1,I pay attention,,,,,,,,,,,,,3,4,2,4,1,1,1,1,1,4,5,4,8,9,9,9,9,9,9,2,8,9,9,9,9,9,9,9,1,9,,,,,,,,,,,,,,,,,,,,,,,,,,,,,,,,,,,,,,,,,,,,,,,,,,,,,,,,5,5a0e9f5c9b760100013a7944,control,1,0,1,0
2024-06-07 18:39:53,2024-06-07 18:44:24,0,77.100.13.14,100,271,1,2024-06-07 18:44:25,R_2Ne3uGVLMeguQEO,,,,,51.6449,-0.043,anonymous,EN,1,i pay attention,,,,,,,,,,,,,4,4,4,2,1,0,0,1,0,4,4,3,,,,,,,,,,,,,,,,,,,5,8,6,5,5,4,6,7,5,5,5,6,6,7,8,6,4,5,,,,,,,,,,,,,,,,,,,,,,,,,,,,,,,,,,,,,,2,5fd8ea198512a801831f6b85,control,0,1,1,0
2024-06-07 18:40:15,2024-06-07 18:44:25,0,86.191.72.157,100,250,1,2024-06-07 18:44:26,R_2FOKaWj7NBKdFkj,,,,,52.3728,-2.2522,anonymous,EN,1,I pay attention,,,,,,,,,,,,,3,4,5,4,1,0,0,1,1,4,5,5,,,,,,,,,,,,,,,,,,,7,8,8,7,8,7,7,7,7,8,8,9,8,8,8,9,4,8,,,,,,,,,,,,,,,,,,,,,,,,,,,,,,,,,,,,,,3,56bbad070b36c4000b4d4ef9,distraction,0,1,1,0
2024-06-07 18:39:47,2024-06-07 18:44:26,0,31.126.146.38,100,278,1,2024-06-07 18:44:26,R_2oQOKgmLwbMUVnD,,,,,51.9289,-0.4675,anonymous,EN,1,I pay attention,2,4,4,3,1,0,1,0,0,4,4,3,,,,,,,,,,,,,,,,,,,,,,,,,,,,,,,,,,,,,,,,,,,,,,,,,,,,,,,,,,,,,,,,,,,5,5,5,5,5,5,5,5,5,7,5,5,7,6,6,6,2,6,,4,6658b5bc0acc6e0ea88982be,control,0,1,0,1
2024-06-07 18:40:11,2024-06-07 18:44:26,0,94.13.224.175,100,255,1,2024-06-07 18:44:26,R_85WrQKzOYSZG173,,,,,50.8246,-1.3738,anonymous,EN,1,I pay attention,5,3,4,3,0,1,1,1,1,3,3,3,,,,,,,,,,,,,5,5,5,5,5,5,5,7,5,5,5,5,8,8,5,5,3,5,,,,,,,,,,,,,,,,,,,,,,,,,,,,,,,,,,,,,,,,,,,,,,,,,,,,,,,,5,5c2f587f70d93a000122ac27,distraction,1,0,1,0
2024-06-07 18:39:32,2024-06-07 18:44:29,0,147.161.166.181,100,296,1,2024-06-07 18:44:29,R_2GrCul0MvGDBW7E,,,,,51.536,-0.0925,anonymous,EN,1,I pay attention,4,3,4,4,0,1,1,1,1,4,4,4,,,,,,,,,,,,,,,,,,,,,,,,,,,,,,,,,,,,,,,,,,,,,,,,,6,5,5,5,5,7,7,5,5,7,5,5,8,8,7,6,2,8,,,,,,,,,,,,,,,,,,,,5,62a88493755a97cf70b15ddf,distraction,1,0,0,1
2024-06-07 18:39:51,2024-06-07 18:44:30,0,81.79.37.13,100,278,1,2024-06-07 18:44:30,R_21cz7VO2NAVddMw,,,,,51.4809,0.0832,anonymous,EN,1,I pay attention,5,3,4,2,1,1,1,1,1,4,4,4,,,,,,,,,,,,,7,7,7,5,5,5,5,5,5,9,6,6,8,8,7,8,3,7,,,,,,,,,,,,,,,,,,,,,,,,,,,,,,,,,,,,,,,,,,,,,,,,,,,,,,,,2,558996f2fdf99b7ae47f5ed2,control,1,0,1,0
2024-06-07 18:39:22,2024-06-07 18:44:34,0,5.71.98.200,100,311,1,2024-06-07 18:44:34,R_8vePh5nox9SQdPZ,,,,,52.4038,0.2263,anonymous,EN,1,I pay attention,5,5,5,5,0,1,1,1,1,5,5,5,,,,,,,,,,,,,,,,,,,,,,,,,,,,,,,5,6,5,5,5,5,5,7,5,9,8,8,8,8,8,8,1,8,,,,,,,,,,,,,,,,,,,,,,,,,,,,,,,,,,,,,,3,5ea00d4b1286ee0008405450,control,0,1,1,0
2024-06-07 18:40:15,2024-06-07 18:44:37,0,82.68.211.54,100,262,1,2024-06-07 18:44:38,R_2OUvTLwLu92NRC1,,,,,53.9308,-0.8083,anonymous,EN,1,I pay attention,,,,,,,,,,,,,4,5,2,4,1,0,0,1,0,4,4,4,,,,,,,,,,,,,,,,,,,,,,,,,,,,,,,,,,,,,7,7,7,5,5,5,7,1,5,7,7,7,7,7,7,7,1,7,,,,,,,,,,,,,,,,,,,,5,63d196c147d1f420690e5b87,control,1,0,0,1
2024-06-07 18:39:24,2024-06-07 18:44:37,0,51.7.250.194,100,313,1,2024-06-07 18:44:38,R_2gOuk8NXbiNemG3,,,,,54.9863,-3.9613,anonymous,EN,1,I pay attention,,,,,,,,,,,,,4,3,3,3,0,0,0,0,1,4,4,4,,,,,,,,,,,,,,,,,,,4,5,5,5,5,5,5,6,5,6,5,5,6,6,6,5,4,5,,,,,,,,,,,,,,,,,,,,,,,,,,,,,,,,,,,,,,7,661403131cecbe255b64ca6f,distraction,0,1,1,0
2024-06-07 18:39:44,2024-06-07 18:44:38,0,90.195.2.64,100,293,1,2024-06-07 18:44:38,R_2cRN6vetdggAOIM,,,,,53.3083,-3.8285,anonymous,EN,1,I pay attention,2,3,3,3,0,0,0,0,1,4,4,4,,,,,,,,,,,,,,,,,,,,,,,,,,,,,,,8,8,8,8,8,8,8,2,8,8,8,8,8,8,8,8,1,8,,,,,,,,,,,,,,,,,,,,,,,,,,,,,,,,,,,,,,2,5caa11e5a15c9800161ad16d,control,0,1,1,0
2024-06-07 18:39:52,2024-06-07 18:44:39,0,94.193.249.79,100,286,1,2024-06-07 18:44:39,R_2fdpodlDimfukwF,,,,,53.9951,-1.1626,anonymous,EN,1,"I pay attention ",,,,,,,,,,,,,4,3,4,3,1,1,1,1,1,4,4,3,,,,,,,,,,,,,,,,,,,,,,,,,,,,,,,,,,,,,,,,,,,,,,,,,,,,,,,5,4,4,5,5,6,5,6,5,6,5,5,7,7,5,5,4,5,,5,644b8b2b8ab902554e307f27,distraction,0,1,0,1
2024-06-07 18:40:12,2024-06-07 18:44:40,0,51.182.200.28,100,268,1,2024-06-07 18:44:41,R_2rSIrqrlbtfR9NZ,,,,,51.4203,-0.1175,anonymous,EN,1,I pay attention,5,3,4,2,0,1,0,1,0,4,5,5,,,,,,,,,,,,,,,,,,,,,,,,,,,,,,,3,7,3,3,4,1,5,7,3,7,7,5,6,7,7,6,4,7,,,,,,,,,,,,,,,,,,,,,,,,,,,,,,,,,,,,,,8,5f615839b063530fd7e1fffc,distraction,0,1,1,0
2024-06-07 18:40:13,2024-06-07 18:44:40,0,2.27.134.200,100,267,1,2024-06-07 18:44:41,R_2szTPzzpwR1LoDT,,,,,50.7666,0.2852,anonymous,EN,1,I pay attention,5,4,5,4,1,1,1,1,1,5,5,4,,,,,,,,,,,,,,,,,,,,,,,,,,,,,,,,,,,,,,,,,,,,,,,,,7,3,5,3,5,8,7,2,4,9,7,6,9,9,7,9,1,8,,,,,,,,,,,,,,,,,,,,5,60ce1bb05ba62827bfaa0ad3,control,1,0,0,1
2024-06-07 18:39:43,2024-06-07 18:44:43,0,86.11.216.203,100,299,1,2024-06-07 18:44:43,R_2kXjKKp2cU5N3TX,,,,,53.8258,-1.5205,anonymous,EN,1,i pay attention,5,5,4,4,0,1,1,1,1,4,5,4,,,,,,,,,,,,,,,,,,,,,,,,,,,,,,,7,8,7,5,5,5,6,5,5,8,7,8,8,8,8,8,5,8,,,,,,,,,,,,,,,,,,,,,,,,,,,,,,,,,,,,,,5,6414687ee84275780cfe8acf,distraction,0,1,1,0
2024-06-07 18:39:58,2024-06-07 18:44:50,0,217.44.1.142,100,292,1,2024-06-07 18:44:50,R_2loTEmC56HRHd5R,,,,,53.9211,-2.5242,anonymous,EN,1,"I pay attention ",,,,,,,,,,,,,4,5,4,4,1,1,1,1,1,4,5,4,,,,,,,,,,,,,,,,,,,,,,,,,,,,,,,,,,,,,,,,,,,,,,,,,,,,,,,7,7,8,6,7,8,8,2,7,8,8,7,8,8,8,8,2,8,,4,61153a27f2c583ec7d0c0b0f,control,0,1,0,1
2024-06-07 18:40:07,2024-06-07 18:44:50,0,176.254.75.83,100,283,1,2024-06-07 18:44:51,R_2lq6SGHiGKfMUPn,,,,,51.5828,-0.3448,anonymous,EN,1,"I pay attention ",,,,,,,,,,,,,4,4,5,4,1,0,0,0,0,4,5,5,,,,,,,,,,,,,,,,,,,,,,,,,,,,,,,,,,,,,6,5,5,5,5,8,6,3,5,7,5,5,7,7,7,7,3,6,,,,,,,,,,,,,,,,,,,,5,5ed52e37266235094a3abcf4,control,1,0,0,1
2024-06-07 18:40:06,2024-06-07 18:44:51,0,86.143.204.230,100,284,1,2024-06-07 18:44:51,R_2aXBK0DmQ8FWsQR,,,,,52.6267,1.2176,anonymous,EN,1,I pay attention,,,,,,,,,,,,,4,5,4,5,1,1,1,1,1,5,5,3,,,,,,,,,,,,,,,,,,,,,,,,,,,,,,,,,,,,,,,,,,,,,,,,,,,,,,,7,6,6,7,7,6,7,4,6,7,7,7,7,8,6,8,5,6,,5,5b5ecd4b7757ed000198d434,control,0,1,0,1
2024-06-07 18:40:26,2024-06-07 18:44:52,0,86.137.153.111,100,266,1,2024-06-07 18:44:53,R_8TXIhwGSykGFtGu,,,,,51.9037,-2.0848,anonymous,EN,1,I pay attention,4,4,5,4,0,1,1,0,0,4,5,4,,,,,,,,,,,,,,,,,,,,,,,,,,,,,,,6,8,8,5,5,7,7,6,5,8,7,8,8,9,8,9,1,8,,,,,,,,,,,,,,,,,,,,,,,,,,,,,,,,,,,,,,3,6658c28c1429bc1ab0372948,control,0,1,1,0
2024-06-07 18:39:46,2024-06-07 18:44:56,0,92.23.7.8,100,310,1,2024-06-07 18:44:56,R_2DMy6BADc2QWkHf,,,,,53.5541,-1.1302,anonymous,EN,1,I pay attention,,,,,,,,,,,,,2,4,3,3,1,1,0,1,1,4,4,4,6,7,5,7,6,3,7,7,4,7,5,5,8,8,8,7,3,5,,,,,,,,,,,,,,,,,,,,,,,,,,,,,,,,,,,,,,,,,,,,,,,,,,,,,,,,5,6662cbaedf0c993cd37ffb83,control,1,0,1,0
2024-06-07 18:40:20,2024-06-07 18:44:58,0,109.157.132.198,100,278,1,2024-06-07 18:44:59,R_2rpgKCQr2s5qLVp,,,,,51.2437,-2.2746,anonymous,EN,1,I pay attention,4,5,3,3,1,1,1,1,0,3,4,3,,,,,,,,,,,,,,,,,,,,,,,,,,,,,,,,,,,,,,,,,,,,,,,,,5,5,5,5,5,6,5,5,5,5,6,6,7,5,6,5,5,5,,,,,,,,,,,,,,,,,,,,7,5c852c65f8e57d00158a12ca,control,1,0,0,1
2024-06-07 18:40:39,2024-06-07 18:44:59,0,81.103.112.25,100,260,1,2024-06-07 18:44:59,R_2Cv7Wx6ulyGg7IW,,,,,50.8431,-1.064,anonymous,EN,1,"I pay attention ",5,4,4,4,0,1,0,0,1,4,5,4,,,,,,,,,,,,,9,8,7,6,7,7,8,3,6,7,6,6,7,8,8,7,1,8,,,,,,,,,,,,,,,,,,,,,,,,,,,,,,,,,,,,,,,,,,,,,,,,,,,,,,,,5,664f447336e82cfdd5232880,distraction,1,0,1,0
2024-06-07 18:39:41,2024-06-07 18:45:00,0,82.69.185.102,100,318,1,2024-06-07 18:45:00,R_2owzYkh7VZgbmKZ,,,,,51.381,0.115,anonymous,EN,1,I pay attention,4,4,3,2,1,1,1,1,1,4,5,5,,,,,,,,,,,,,,,,,,,,,,,,,,,,,,,,,,,,,,,,,,,,,,,,,5,6,6,5,5,6,5,1,5,6,5,5,7,7,6,5,1,5,,,,,,,,,,,,,,,,,,,,5,5847e40d6cca010001fe2d64,distraction,1,0,0,1
2024-06-07 18:40:21,2024-06-07 18:45:03,0,51.182.33.93,100,281,1,2024-06-07 18:45:03,R_8fk55Ejomn7D4rg,,,,,52.4867,-1.8989,anonymous,EN,1,I pay attention,,,,,,,,,,,,,4,5,5,4,1,0,0,1,0,4,5,4,4,8,5,5,6,3,5,8,3,6,8,8,8,8,9,8,1,7,,,,,,,,,,,,,,,,,,,,,,,,,,,,,,,,,,,,,,,,,,,,,,,,,,,,,,,,5,660592afae2a8b48bebcb265,distraction,1,0,1,0
2024-06-07 18:40:09,2024-06-07 18:45:05,0,81.151.106.149,100,296,1,2024-06-07 18:45:05,R_2zooCC75hL3FVIJ,,,,,52.0435,1.1842,anonymous,EN,1,I pay attention,,,,,,,,,,,,,4,5,3,4,0,0,0,0,0,5,5,5,8,7,7,7,7,8,8,2,7,8,8,7,9,9,8,8,1,8,,,,,,,,,,,,,,,,,,,,,,,,,,,,,,,,,,,,,,,,,,,,,,,,,,,,,,,,6,60886f033e4f5c214da0c898,distraction,1,0,1,0
2024-06-07 18:39:35,2024-06-07 18:45:06,0,62.253.155.162,100,331,1,2024-06-07 18:45:06,R_23k8NJfwizcYApS,,,,,51.6552,-0.3879,anonymous,EN,1,I pay attention,5,4,4,4,0,1,1,1,0,5,5,5,,,,,,,,,,,,,,,,,,,,,,,,,,,,,,,,,,,,,,,,,,,,,,,,,7,5,6,5,6,8,6,2,8,8,7,8,9,9,8,8,2,8,,,,,,,,,,,,,,,,,,,,5,5d1a69d8f97a18001977e0d7,control,1,0,0,1
2024-06-07 18:40:06,2024-06-07 18:45:08,0,92.30.237.180,100,301,1,2024-06-07 18:45:08,R_210fijCg4Bvvl2E,,,,,52.8996,-1.2714,anonymous,EN,1,I pay attention,3,4,5,3,0,1,1,1,1,5,5,5,,,,,,,,,,,,,,,,,,,,,,,,,,,,,,,,,,,,,,,,,,,,,,,,,5,5,5,5,5,5,5,5,5,6,5,5,7,7,6,6,5,5,,,,,,,,,,,,,,,,,,,,5,665d57604e284e86212940fc,distraction,1,0,0,1
2024-06-07 18:40:03,2024-06-07 18:45:09,0,90.216.73.55,100,305,1,2024-06-07 18:45:09,R_2hAv5PBxFwR5CHj,,,,,53.5051,-2.1619,anonymous,EN,1,I pay attention.,,,,,,,,,,,,,4,5,4,4,1,0,1,1,1,5,5,5,,,,,,,,,,,,,,,,,,,,,,,,,,,,,,,,,,,,,6,9,7,6,5,9,9,1,5,7,8,9,9,9,8,9,1,6,,,,,,,,,,,,,,,,,,,,6,57dc590ddcda780001a0e157,distraction,1,0,0,1
2024-06-07 18:41:00,2024-06-07 18:45:12,0,86.4.142.168,100,252,1,2024-06-07 18:45:13,R_7Oxz5mJaFuYoXQq,,,,,53.5866,-2.4354,anonymous,EN,1,I pay attention,4,3,4,4,0,0,0,0,0,4,4,4,,,,,,,,,,,,,5,6,5,5,5,5,5,6,4,7,6,6,6,6,6,6,4,6,,,,,,,,,,,,,,,,,,,,,,,,,,,,,,,,,,,,,,,,,,,,,,,,,,,,,,,,2,5e975a7a85549c0ac755a1bb,distraction,1,0,1,0
2024-06-07 18:39:41,2024-06-07 18:45:12,0,31.94.28.33,100,331,1,2024-06-07 18:45:13,R_2e3WI9sLDKYEWub,,,,,53.4802,-2.1867,anonymous,EN,1,I pay attention,5,4,4,2,0,0,1,1,1,4,4,4,,,,,,,,,,,,,5,7,8,5,6,5,6,5,5,8,5,7,8,8,8,8,1,8,,,,,,,,,,,,,,,,,,,,,,,,,,,,,,,,,,,,,,,,,,,,,,,,,,,,,,,,2,5dc5da21d999de45a504651b,distraction,1,0,1,0
2024-06-07 18:39:44,2024-06-07 18:45:15,0,88.97.222.1,100,330,1,2024-06-07 18:45:16,R_2JCwnLpC1Ql0MeA,,,,,51.5833,-2.9833,anonymous,EN,1,I pay attention,,,,,,,,,,,,,4,5,5,4,1,0,0,1,1,5,4,4,,,,,,,,,,,,,,,,,,,,,,,,,,,,,,,,,,,,,,,,,,,,,,,,,,,,,,,5,8,7,7,7,8,7,1,8,5,7,7,7,7,7,7,3,6,,3,5e36be214de4516479b48f31,control,0,1,0,1
2024-06-07 18:39:35,2024-06-07 18:45:18,0,86.182.139.118,100,343,1,2024-06-07 18:45:18,R_2oXj5UiQcGNdhD0,,,,,51.5426,-0.2449,anonymous,EN,1,I pay attention,,,,,,,,,,,,,3,3,4,2,1,0,1,1,1,3,3,3,,,,,,,,,,,,,,,,,,,,,,,,,,,,,,,,,,,,,5,3,3,3,3,3,3,2,3,2,5,5,4,4,5,4,2,4,,,,,,,,,,,,,,,,,,,,3,60bf706fc3b12a3c4f11a487,distraction,1,0,0,1
2024-06-07 18:40:32,2024-06-07 18:45:18,0,2.121.120.177,100,286,1,2024-06-07 18:45:18,R_2FQo2aiCk128b3C,,,,,53.7601,-1.8021,anonymous,EN,1,I pay attention,5,4,4,4,0,1,1,1,1,4,5,4,,,,,,,,,,,,,,,,,,,,,,,,,,,,,,,,,,,,,,,,,,,,,,,,,7,7,7,8,8,9,8,1,7,6,6,7,9,7,7,8,1,7,,,,,,,,,,,,,,,,,,,,3,5c91fad394f7e600172f9d4a,distraction,1,0,0,1
2024-06-07 18:39:33,2024-06-07 18:45:19,0,5.64.8.120,100,346,1,2024-06-07 18:45:20,R_5H1wRRfSXnjjYvQ,,,,,51.4858,-0.0206,anonymous,EN,1,I pay attention,5,2,3,2,1,1,1,1,1,4,5,4,,,,,,,,,,,,,5,6,5,5,5,3,5,4,5,7,7,7,8,7,7,5,2,7,,,,,,,,,,,,,,,,,,,,,,,,,,,,,,,,,,,,,,,,,,,,,,,,,,,,,,,,2,631610af8e747093cd90e00d,control,1,0,1,0
2024-06-07 18:40:15,2024-06-07 18:45:26,0,78.144.202.164,100,311,1,2024-06-07 18:45:26,R_2fYNXFEVejNgbat,,,,,50.3601,-4.1423,anonymous,EN,1,I pay attention,5,2,3,3,1,1,1,1,1,4,5,4,,,,,,,,,,,,,,,,,,,,,,,,,,,,,,,2,7,5,4,4,1,4,9,1,4,7,7,7,7,6,7,1,5,,,,,,,,,,,,,,,,,,,,,,,,,,,,,,,,,,,,,,5,5accf2c4fa3b4e000173d11e,distraction,0,1,1,0
2024-06-07 18:39:51,2024-06-07 18:45:27,0,86.159.100.218,100,335,1,2024-06-07 18:45:28,R_2rJNp55vKGrpBzT,,,,,51.4752,-2.2197,anonymous,EN,1,I pay attention,,,,,,,,,,,,,2,4,4,3,1,1,1,0,1,4,5,5,,,,,,,,,,,,,,,,,,,,,,,,,,,,,,,,,,,,,,,,,,,,,,,,,,,,,,,5,7,8,5,5,8,7,2,8,8,7,7,9,9,9,9,1,9,,5,5d8cef3c28e183001a335ab0,distraction,0,1,0,1
2024-06-07 18:40:00,2024-06-07 18:45:28,0,31.125.58.64,100,328,1,2024-06-07 18:45:29,R_24uhgB2U0kkF0ex,,,,,51.4964,-0.1224,anonymous,EN,1,I pay attention,,,,,,,,,,,,,4,5,5,5,0,0,0,1,0,5,5,5,,,,,,,,,,,,,,,,,,,,,,,,,,,,,,,,,,,,,,,,,,,,,,,,,,,,,,,7,7,7,7,7,7,7,1,7,7,7,7,7,7,7,7,2,7,,5,5964e073241f8d0001065056,distraction,0,1,0,1
2024-06-07 18:39:54,2024-06-07 18:45:29,0,86.179.45.110,100,334,1,2024-06-07 18:45:29,R_2UzjGzSbCePqyXf,,,,,54.657,-5.6524,anonymous,EN,1,I pay attention,5,5,4,5,0,1,1,1,1,5,5,5,,,,,,,,,,,,,,,,,,,,,,,,,,,,,,,5,5,5,5,5,5,5,5,5,7,5,5,8,8,7,7,4,6,,,,,,,,,,,,,,,,,,,,,,,,,,,,,,,,,,,,,,5,655371cac562a3701896f9fc,distraction,0,1,1,0
2024-06-07 18:40:03,2024-06-07 18:45:29,0,90.240.178.110,100,326,1,2024-06-07 18:45:30,R_21uGHAAkgaHFG7F,,,,,53.6946,-2.4728,anonymous,EN,1,"I pay attention ",4,3,4,3,0,1,1,0,0,4,4,4,,,,,,,,,,,,,,,,,,,,,,,,,,,,,,,,,,,,,,,,,,,,,,,,,,,,,,,,,,,,,,,,,,,5,5,5,5,5,3,3,3,5,5,7,5,4,5,5,7,5,5,,3,5f11eb333c6e2c0df5b92270,distraction,0,1,0,1
2024-06-07 18:40:43,2024-06-07 18:45:32,0,213.78.15.216,100,288,1,2024-06-07 18:45:32,R_2khpDJe0ZMNkpXb,,,,,51.6011,-3.2744,anonymous,EN,1,I pay attention,4,2,4,2,0,1,1,0,0,2,4,3,,,,,,,,,,,,,7,6,5,5,5,5,7,6,5,7,5,6,8,7,5,6,5,5,,,,,,,,,,,,,,,,,,,,,,,,,,,,,,,,,,,,,,,,,,,,,,,,,,,,,,,,5,596913be670f410001fe9273,distraction,1,0,1,0
2024-06-07 18:40:29,2024-06-07 18:45:33,0,84.67.96.145,100,303,1,2024-06-07 18:45:33,R_8y2JRd5usAYJvG1,,,,,51.4809,0.0832,anonymous,EN,1,I pay attention,,,,,,,,,,,,,5,5,2,3,1,0,1,1,1,4,5,3,,,,,,,,,,,,,,,,,,,,,,,,,,,,,,,,,,,,,,,,,,,,,,,,,,,,,,,7,7,7,5,5,6,7,1,5,8,6,7,7,7,7,6,2,6,,5,55057a56fdf99b5b566a70bb,control,0,1,0,1
2024-06-07 18:39:50,2024-06-07 18:45:34,0,5.64.70.175,100,344,1,2024-06-07 18:45:35,R_24LQxO2dBKRdgF0,,,,,53.5534,-3.0672,anonymous,EN,1,"I pay attention ",2,3,4,3,1,1,1,1,1,4,4,3,,,,,,,,,,,,,,,,,,,,,,,,,,,,,,,,,,,,,,,,,,,,,,,,,,,,,,,,,,,,,,,,,,,6,5,5,5,5,6,6,4,5,6,5,5,7,8,7,7,3,7,,2,6659cc755e12f99a9efc39e5,distraction,0,1,0,1
2024-06-07 18:40:02,2024-06-07 18:45:36,0,82.132.244.233,100,333,1,2024-06-07 18:45:36,R_2joydIOcJ3lNPxf,,,,,52.4663,-1.8544,anonymous,EN,1,I pay attention,,,,,,,,,,,,,4,5,4,4,1,0,1,1,1,4,5,4,7,7,7,6,5,7,6,5,6,8,8,7,8,8,8,8,3,7,,,,,,,,,,,,,,,,,,,,,,,,,,,,,,,,,,,,,,,,,,,,,,,,,,,,,,,,5,60bbdb37286980cc3ba6f309,distraction,1,0,1,0
2024-06-07 18:40:30,2024-06-07 18:45:36,0,149.50.30.134,100,306,1,2024-06-07 18:45:37,R_2hZmtdGO7cr46T6,,,,,53.1546,-2.327,anonymous,EN,1,I pay attention,,,,,,,,,,,,,4,5,5,5,0,1,0,0,0,5,5,4,,,,,,,,,,,,,,,,,,,4,8,5,5,5,4,6,7,4,9,9,9,9,9,9,9,1,9,,,,,,,,,,,,,,,,,,,,,,,,,,,,,,,,,,,,,,2,6658ca2b92efe5c33798f1b4,control,0,1,1,0
2024-06-07 18:40:58,2024-06-07 18:45:50,0,82.38.8.117,100,291,1,2024-06-07 18:45:50,R_25B1HWxtedtAjKH,,,,,51.7219,0.4811,anonymous,EN,1,I pay attention,5,5,5,5,0,1,0,0,0,5,5,4,,,,,,,,,,,,,,,,,,,,,,,,,,,,,,,,,,,,,,,,,,,,,,,,,5,8,8,8,8,9,8,1,8,7,8,6,9,9,8,8,1,8,,,,,,,,,,,,,,,,,,,,8,5e56ac24ce30ae0632e2fe0a,distraction,1,0,0,1
2024-06-07 18:39:30,2024-06-07 18:45:52,0,90.205.166.160,100,381,1,2024-06-07 18:45:52,R_2Dwqohj3abeemhB,,,,,53.4558,-1.3756,anonymous,EN,1,I pay attention,5,4,4,4,0,1,1,1,1,4,4,4,,,,,,,,,,,,,,,,,,,,,,,,,,,,,,,8,8,8,8,8,8,8,8,8,9,8,8,8,9,8,8,1,8,,,,,,,,,,,,,,,,,,,,,,,,,,,,,,,,,,,,,,3,57be9976c5234c00014706c1,distraction,0,1,1,0
2024-06-07 18:39:47,2024-06-07 18:45:52,0,90.246.74.70,100,365,1,2024-06-07 18:45:53,R_2DNAhvLsz9xrMUM,,,,,53.6562,-1.4326,anonymous,EN,1,I pay attention,,,,,,,,,,,,,2,5,5,3,1,0,0,1,1,4,5,5,,,,,,,,,,,,,,,,,,,,,,,,,,,,,,,,,,,,,6,5,6,5,6,8,7,1,6,9,6,7,9,9,8,8,1,9,,,,,,,,,,,,,,,,,,,,5,6655d6621270da3b6c8f8702,distraction,1,0,0,1
2024-06-07 18:40:23,2024-06-07 18:45:53,0,86.19.245.186,100,329,1,2024-06-07 18:45:53,R_2Mri1pqcTjP14Jk,,,,,53.8554,-1.5492,anonymous,EN,1,I pay attention,,,,,,,,,,,,,4,4,4,4,1,1,1,1,1,4,5,5,4,7,5,3,3,3,3,8,3,6,5,6,7,7,7,7,3,7,,,,,,,,,,,,,,,,,,,,,,,,,,,,,,,,,,,,,,,,,,,,,,,,,,,,,,,,8,5c9224087a7067000190b119,control,1,0,1,0
2024-06-07 18:39:42,2024-06-07 18:45:53,0,84.64.199.213,100,370,1,2024-06-07 18:45:53,R_2LdascIJEzV0CGd,,,,,53.5039,-2.1959,anonymous,EN,1,"I pay attention ",,,,,,,,,,,,,4,5,5,3,1,1,1,1,0,5,5,4,,,,,,,,,,,,,,,,,,,,,,,,,,,,,,,,,,,,,5,6,6,6,5,8,6,3,5,6,5,5,9,7,7,7,1,5,,,,,,,,,,,,,,,,,,,,5,600599380fead27fd64432c6,distraction,1,0,0,1
2024-06-07 18:40:19,2024-06-07 18:45:54,0,92.238.63.157,100,335,1,2024-06-07 18:45:54,R_2nOxuscOoxFXI0V,,,,,52.3986,-1.9824,anonymous,EN,1,I pay attention,,,,,,,,,,,,,5,3,3,2,0,1,0,1,1,4,5,4,,,,,,,,,,,,,,,,,,,5,6,6,6,6,7,6,2,6,7,7,6,6,7,8,8,2,6,,,,,,,,,,,,,,,,,,,,,,,,,,,,,,,,,,,,,,3,665e31fc6e2f3f209088cbbc,distraction,0,1,1,0
2024-06-07 18:39:43,2024-06-07 18:45:57,0,82.13.78.172,100,373,1,2024-06-07 18:45:57,R_2wT6D7NgvxKNgOJ,,,,,52.2125,0.1519,anonymous,EN,1,I pay attention,5,2,4,2,0,0,1,1,1,3,5,5,,,,,,,,,,,,,,,,,,,,,,,,,,,,,,,,,,,,,,,,,,,,,,,,,,,,,,,,,,,,,,,,,,,7,7,7,7,8,9,8,1,8,6,8,8,9,8,9,8,1,7,,2,6658b5e5298aedbc9b7abc3a,distraction,0,1,0,1
2024-06-07 18:40:44,2024-06-07 18:45:57,0,86.148.32.181,100,313,1,2024-06-07 18:45:58,R_2I5d9kU5GxzSUeM,,,,,51.1449,1.3019,anonymous,EN,1,"I pay attention ",,,,,,,,,,,,,5,4,4,3,1,1,1,1,1,5,5,4,,,,,,,,,,,,,,,,,,,,,,,,,,,,,,,,,,,,,8,6,8,7,8,8,8,2,8,8,7,7,8,8,8,8,1,8,,,,,,,,,,,,,,,,,,,,5,5b47e287bc06c90001f8b67d,control,1,0,0,1
2024-06-07 18:40:08,2024-06-07 18:45:58,0,2.221.207.108,100,349,1,2024-06-07 18:45:58,R_2IgxE5Mtxp5Is5i,,,,,53.6393,-1.5249,anonymous,EN,1,I pay attention,,,,,,,,,,,,,4,5,5,4,1,1,1,1,1,4,5,5,,,,,,,,,,,,,,,,,,,,,,,,,,,,,,,,,,,,,8,6,6,5,8,9,8,1,7,9,8,7,9,9,7,9,1,8,,,,,,,,,,,,,,,,,,,,4,660ff815941e8d98bba929b5,control,1,0,0,1
2024-06-07 18:40:11,2024-06-07 18:45:59,0,80.3.190.96,100,347,1,2024-06-07 18:46:00,R_2etsiuWLi87vwwZ,,,,,51.1003,-1.8785,anonymous,EN,1,I pay attention,,,,,,,,,,,,,5,5,2,4,1,0,0,0,0,5,5,5,,,,,,,,,,,,,,,,,,,,,,,,,,,,,,,,,,,,,,,,,,,,,,,,,,,,,,,7,8,7,6,7,8,7,2,7,6,7,8,7,7,6,8,2,7,,6,5e64af9a8bd03f21ff4a869c,distraction,0,1,0,1
2024-06-07 18:39:56,2024-06-07 18:46:03,0,80.2.112.173,100,367,1,2024-06-07 18:46:03,R_2P7m8NjiN8DP0L8,,,,,51.9367,-0.51,anonymous,EN,1,I pay attention,4,3,4,3,0,1,1,1,0,4,4,4,,,,,,,,,,,,,,,,,,,,,,,,,,,,,,,,,,,,,,,,,,,,,,,,,6,5,5,5,5,5,6,5,5,6,5,6,5,5,5,5,5,5,,,,,,,,,,,,,,,,,,,,2,57698d52688a5c00018d958d,distraction,1,0,0,1
2024-06-07 18:40:00,2024-06-07 18:46:03,0,92.238.108.230,100,363,1,2024-06-07 18:46:04,R_6fmj4do3ZkFYWDD,,,,,53.2298,-1.456,anonymous,EN,1,I pay attention,4,3,4,3,0,1,1,1,0,5,5,4,,,,,,,,,,,,,,,,,,,,,,,,,,,,,,,,,,,,,,,,,,,,,,,,,6,5,3,6,5,8,7,3,5,8,8,7,9,9,8,7,2,8,,,,,,,,,,,,,,,,,,,,5,6658d1082b8d81c85bf3c3f0,control,1,0,0,1
2024-06-07 18:40:06,2024-06-07 18:46:06,0,81.153.236.246,100,360,1,2024-06-07 18:46:06,R_2mngp9HY50xJlhD,,,,,53.2069,-4.1184,anonymous,EN,1,I pay attention,5,3,2,3,1,1,1,1,1,5,4,4,,,,,,,,,,,,,,,,,,,,,,,,,,,,,,,,,,,,,,,,,,,,,,,,,,,,,,,,,,,,,,,,,,,7,5,5,5,5,8,8,5,5,8,7,7,7,5,5,7,5,5,,5,602a2911a73ba046955f6c58,distraction,0,1,0,1
2024-06-07 18:39:22,2024-06-07 18:46:08,0,92.29.199.233,100,405,1,2024-06-07 18:46:08,R_8FFBqJpzQD7AGWE,,,,,53.4146,-2.8962,anonymous,EN,1,I pay attention,,,,,,,,,,,,,4,3,4,3,1,0,1,1,0,4,5,4,,,,,,,,,,,,,,,,,,,,,,,,,,,,,,,,,,,,,,,,,,,,,,,,,,,,,,,7,5,6,5,5,7,7,4,5,7,5,6,7,7,7,7,3,6,,5,56b78f11e77ebe000cbefe79,distraction,0,1,0,1
2024-06-07 18:40:20,2024-06-07 18:46:09,0,5.66.128.20,100,349,1,2024-06-07 18:46:10,R_8ErTx7EB1DdpHtW,,,,,50.8345,-0.186,anonymous,EN,1,I pay attention,,,,,,,,,,,,,3,3,4,3,0,0,1,1,0,5,5,4,,,,,,,,,,,,,,,,,,,5,8,7,4,5,4,4,7,4,7,8,8,9,9,8,8,1,8,,,,,,,,,,,,,,,,,,,,,,,,,,,,,,,,,,,,,,3,66572a42c42be82e0e65122c,distraction,0,1,1,0
2024-06-07 18:40:23,2024-06-07 18:46:10,0,109.156.255.215,100,347,1,2024-06-07 18:46:10,R_2Lb9WMGbYCtT8kS,,,,,52.3384,-3.9689,anonymous,EN,1,I pay attention,,,,,,,,,,,,,5,4,3,2,1,0,0,1,1,4,4,4,,,,,,,,,,,,,,,,,,,,,,,,,,,,,,,,,,,,,6,5,5,5,5,6,6,5,5,6,5,5,6,5,5,5,5,5,,,,,,,,,,,,,,,,,,,,5,5bcda2ee6fd72000014996e4,distraction,1,0,0,1
2024-06-07 18:40:11,2024-06-07 18:46:11,0,86.31.109.193,100,359,1,2024-06-07 18:46:11,R_1ONGRbqPZPv37bg,,,,,53.1369,-1.1995,anonymous,EN,1,I pay attention,4,4,4,4,0,1,1,1,0,5,4,4,,,,,,,,,,,,,4,8,7,5,6,4,6,9,4,9,8,8,8,9,8,8,3,8,,,,,,,,,,,,,,,,,,,,,,,,,,,,,,,,,,,,,,,,,,,,,,,,,,,,,,,,2,645e967fad9bc8bdc1a16ac0,control,1,0,1,0
2024-06-07 18:40:22,2024-06-07 18:46:16,0,84.70.204.183,100,353,1,2024-06-07 18:46:16,R_2oC3uQDiphZZUxn,,,,,53.481,-2.2367,anonymous,EN,1,I pay attention,,,,,,,,,,,,,4,5,4,5,1,1,1,1,1,4,5,4,7,4,6,5,5,7,5,3,6,7,5,6,8,7,7,8,2,8,,,,,,,,,,,,,,,,,,,,,,,,,,,,,,,,,,,,,,,,,,,,,,,,,,,,,,,,2,63d96ff56b577f6ac10e5f6c,control,1,0,1,0
2024-06-07 18:40:06,2024-06-07 18:46:17,0,89.240.205.99,100,370,1,2024-06-07 18:46:17,R_2LkEIUsjn058xBY,,,,,53.5249,-2.1189,anonymous,EN,1,I pay attention,4,4,4,3,1,1,1,1,1,4,5,4,,,,,,,,,,,,,,,,,,,,,,,,,,,,,,,6,7,8,6,6,7,6,5,6,8,7,8,8,7,8,7,3,8,,,,,,,,,,,,,,,,,,,,,,,,,,,,,,,,,,,,,,5,5ca5fb084f3e9d0015440d1d,control,0,1,1,0
2024-06-07 18:40:13,2024-06-07 18:46:21,0,51.241.37.32,100,368,1,2024-06-07 18:46:22,R_2e0bxwoKhUM8RYB,,,,,50.9158,-1.3601,anonymous,EN,1,I pay attention,5,5,3,2,1,1,1,1,0,3,4,4,,,,,,,,,,,,,,,,,,,,,,,,,,,,,,,5,6,6,5,5,5,5,5,5,6,5,6,6,6,6,6,4,6,,,,,,,,,,,,,,,,,,,,,,,,,,,,,,,,,,,,,,6,6658b4aadb696fd87fa46bc6,distraction,0,1,1,0
2024-06-07 18:39:57,2024-06-07 18:46:28,0,82.132.239.43,100,391,1,2024-06-07 18:46:29,R_2hhJZnH6GbwXeEg,,,,,53.4507,-2.3186,anonymous,EN,1,i pay attention,4,4,5,5,0,1,1,0,0,5,5,5,,,,,,,,,,,,,8,7,8,8,8,8,8,2,8,9,7,9,9,9,9,9,1,9,,,,,,,,,,,,,,,,,,,,,,,,,,,,,,,,,,,,,,,,,,,,,,,,,,,,,,,,3,63b5a88ec37efbd8f3cf0329,control,1,0,1,0
2024-06-07 18:40:54,2024-06-07 18:46:29,0,82.13.195.52,100,334,1,2024-06-07 18:46:30,R_2QimJJUoBSbYlpP,,,,,51.4556,-0.5068,anonymous,EN,1,I pay attention,,,,,,,,,,,,,5,5,5,4,0,1,1,1,1,5,5,4,,,,,,,,,,,,,,,,,,,5,5,5,5,5,5,5,9,3,9,5,9,9,9,9,9,1,8,,,,,,,,,,,,,,,,,,,,,,,,,,,,,,,,,,,,,,2,5ea02e5c3fb6e6000a30693b,control,0,1,1,0
2024-06-07 18:39:53,2024-06-07 18:46:30,0,31.94.34.223,100,396,1,2024-06-07 18:46:30,R_2R2AUWX7SuumjzX,,,,,54.9663,-1.6093,anonymous,EN,1,I pay attention,,,,,,,,,,,,,4,5,4,5,1,0,1,1,1,5,5,4,,,,,,,,,,,,,,,,,,,,,,,,,,,,,,,,,,,,,,,,,,,,,,,,,,,,,,,7,5,7,5,5,9,7,1,5,9,5,8,8,8,7,8,1,7,,5,661154c56eb4b12a4fd6a094,control,0,1,0,1
2024-06-07 18:41:13,2024-06-07 18:46:32,0,94.174.167.157,100,318,1,2024-06-07 18:46:32,R_8D0mNgw845upTXC,,,,,51.8659,-2.2059,anonymous,EN,1,I pay attention,,,,,,,,,,,,,4,4,5,5,1,1,0,0,0,5,5,5,,,,,,,,,,,,,,,,,,,,,,,,,,,,,,,,,,,,,7,7,5,7,9,9,7,5,7,9,5,8,9,9,9,8,1,9,,,,,,,,,,,,,,,,,,,,5,6349561a894e0d5174e3db4a,control,1,0,0,1
2024-06-07 18:40:14,2024-06-07 18:46:33,0,81.107.173.232,100,379,1,2024-06-07 18:46:33,R_8etTY7Oz6u7UJR7,,,,,51.8053,-0.8086,anonymous,EN,1,I pay attention,4,2,4,3,1,1,1,1,1,4,5,4,,,,,,,,,,,,,,,,,,,,,,,,,,,,,,,,,,,,,,,,,,,,,,,,,,,,,,,,,,,,,,,,,,,6,6,6,5,6,6,8,3,7,7,6,7,7,7,6,8,3,7,,5,5f9802a1306ea3045e8c0b43,control,0,1,0,1
2024-06-07 18:40:25,2024-06-07 18:46:33,0,145.40.152.194,100,367,1,2024-06-07 18:46:34,R_5n8VDgIdLi045CM,,,,,50.9169,-1.422,anonymous,EN,1,I pay attention,,,,,,,,,,,,,5,4,3,4,1,1,1,1,1,5,5,5,7,8,8,6,6,7,7,8,6,9,9,9,9,9,9,9,1,9,,,,,,,,,,,,,,,,,,,,,,,,,,,,,,,,,,,,,,,,,,,,,,,,,,,,,,,,6,5d038adefda4bb00013f8afb,control,1,0,1,0
2024-06-07 18:39:49,2024-06-07 18:46:34,0,151.226.162.115,100,405,1,2024-06-07 18:46:35,R_2Y3OVD96NEvDLKl,,,,,52.9994,-1.1318,anonymous,EN,1,I pay attention,4,3,4,3,1,1,1,1,1,4,5,5,,,,,,,,,,,,,,,,,,,,,,,,,,,,,,,,,,,,,,,,,,,,,,,,,6,6,6,7,6,7,7,1,7,7,7,7,7,7,7,7,2,7,,,,,,,,,,,,,,,,,,,,2,6278270bfb2439bf3abf192d,distraction,1,0,0,1
2024-06-07 18:39:25,2024-06-07 18:46:36,0,94.13.217.164,100,430,1,2024-06-07 18:46:36,R_2l4VKJJXB34sE5B,,,,,53.2765,-2.5979,anonymous,EN,1,I pay attention,,,,,,,,,,,,,4,4,5,4,1,1,0,0,0,4,5,5,6,5,6,8,8,5,8,1,6,8,8,9,9,9,9,9,1,9,,,,,,,,,,,,,,,,,,,,,,,,,,,,,,,,,,,,,,,,,,,,,,,,,,,,,,,,2,5b5e0e86902ad10001cfcc59,distraction,1,0,1,0
2024-06-07 18:40:26,2024-06-07 18:46:40,0,94.4.146.169,100,373,1,2024-06-07 18:46:40,R_5mh0RzeDth4kuoz,,,,,52.4974,-0.0249,anonymous,EN,1,"""I pay attention""",,,,,,,,,,,,,2,4,4,4,1,1,0,1,0,4,5,4,,,,,,,,,,,,,,,,,,,,,,,,,,,,,,,,,,,,,,,,,,,,,,,,,,,,,,,6,7,7,6,6,8,7,6,7,7,8,8,8,8,7,7,2,7,,5,664f7e5bbe54e083251e2950,control,0,1,0,1
2024-06-07 18:40:27,2024-06-07 18:46:40,0,90.241.137.51,100,373,1,2024-06-07 18:46:41,R_89tv6rWugFwlmnu,,,,,53.481,-2.2367,anonymous,EN,1,I pay attention,,,,,,,,,,,,,4,4,4,4,1,1,1,1,1,4,5,4,,,,,,,,,,,,,,,,,,,3,6,5,3,4,3,5,7,4,7,7,7,9,9,8,8,1,7,,,,,,,,,,,,,,,,,,,,,,,,,,,,,,,,,,,,,,2,63fe98ea93bf1443cf646971,control,0,1,1,0
2024-06-07 18:39:48,2024-06-07 18:46:44,0,82.43.106.11,100,415,1,2024-06-07 18:46:44,R_2Xjvb6DcejhnoXK,,,,,51.1398,-0.1206,anonymous,EN,1,I pay attention,4,5,4,4,0,1,1,1,1,4,4,3,,,,,,,,,,,,,,,,,,,,,,,,,,,,,,,,,,,,,,,,,,,,,,,,,6,8,8,7,7,8,6,2,8,8,6,7,9,9,7,9,4,8,,,,,,,,,,,,,,,,,,,,5,63d79fcd741f9cfb2f87152f,distraction,1,0,0,1
2024-06-07 18:40:07,2024-06-07 18:46:45,0,80.2.198.71,100,398,1,2024-06-07 18:46:45,R_8Sjw6g8Hst6ooUh,,,,,52.6459,-1.6767,anonymous,EN,1,I pay attention,,,,,,,,,,,,,3,4,4,3,1,1,1,1,1,4,5,3,6,8,5,5,5,6,5,7,5,7,6,6,8,8,7,7,1,6,,,,,,,,,,,,,,,,,,,,,,,,,,,,,,,,,,,,,,,,,,,,,,,,,,,,,,,,5,5b0710e7a84dcf0001beee8a,distraction,1,0,1,0
2024-06-07 18:40:14,2024-06-07 18:46:48,0,94.14.46.55,100,393,1,2024-06-07 18:46:48,R_8Cq6eO9jjKb4qLI,,,,,52.2265,0.4783,anonymous,EN,1,I pay attention,,,,,,,,,,,,,5,4,3,4,1,1,0,1,1,5,5,5,5,6,7,5,5,7,5,7,5,8,8,7,9,9,9,9,1,8,,,,,,,,,,,,,,,,,,,,,,,,,,,,,,,,,,,,,,,,,,,,,,,,,,,,,,,,3,58bef6fd31de840001e84ba0,control,1,0,1,0
2024-06-07 18:40:37,2024-06-07 18:46:50,0,80.2.5.249,100,372,1,2024-06-07 18:46:50,R_8q3HO02TY5S1mBc,,,,,53.4702,-2.2305,anonymous,EN,1,I pay attention,5,4,4,4,0,1,1,0,1,4,4,4,,,,,,,,,,,,,,,,,,,,,,,,,,,,,,,,,,,,,,,,,,,,,,,,,7,6,7,6,6,7,7,3,6,7,6,7,8,8,7,7,2,7,,,,,,,,,,,,,,,,,,,,5,6658bfd1eacd7bcadeef89ba,distraction,1,0,0,1
2024-06-07 18:40:53,2024-06-07 18:46:51,0,90.198.156.94,100,357,1,2024-06-07 18:46:51,R_2rTndjuQQd0xZU9,,,,,51.5268,-0.187,anonymous,EN,1,I pay attention,,,,,,,,,,,,,5,5,5,4,0,1,0,1,1,5,5,4,1,5,5,2,2,2,4,9,2,9,5,8,9,9,9,8,1,8,,,,,,,,,,,,,,,,,,,,,,,,,,,,,,,,,,,,,,,,,,,,,,,,,,,,,,,,2,63f0ac76a8c1914f6f163539,distraction,1,0,1,0
2024-06-07 18:40:20,2024-06-07 18:46:55,0,80.3.198.25,100,394,1,2024-06-07 18:46:56,R_37a7IaFJ9LNkfAZ,,,,,51.4703,-3.2811,anonymous,EN,1,I pay attention,4,4,4,4,1,1,1,1,1,4,5,5,,,,,,,,,,,,,,,,,,,,,,,,,,,,,,,8,8,6,6,6,8,7,6,7,8,8,8,9,9,8,8,3,7,,,,,,,,,,,,,,,,,,,,,,,,,,,,,,,,,,,,,,5,5c4b987538878c0001c7883b,distraction,0,1,1,0
2024-06-07 18:39:38,2024-06-07 18:47:02,0,92.14.149.85,100,444,1,2024-06-07 18:47:02,R_2fklqiqkBGELJhj,,,,,53.0278,-2.1658,anonymous,EN,1,i pay attention,5,4,5,4,0,1,1,1,0,4,4,4,,,,,,,,,,,,,,,,,,,,,,,,,,,,,,,,,,,,,,,,,,,,,,,,,,,,,,,,,,,,,,,,,,,9,8,8,8,8,9,8,9,6,9,9,9,9,9,9,9,3,9,,4,5b2bcfb51835660001cc6751,distraction,0,1,0,1
2024-06-07 18:39:59,2024-06-07 18:47:08,0,81.129.234.181,100,429,1,2024-06-07 18:47:08,R_2EtNX9kDVSXcVyq,,,,,58.1095,-3.6551,anonymous,EN,1,I pay attention,4,4,4,4,1,1,1,1,1,4,4,4,,,,,,,,,,,,,,,,,,,,,,,,,,,,,,,,,,,,,,,,,,,,,,,,,,,,,,,,,,,,,,,,,,,7,6,6,7,7,8,8,2,6,7,6,6,7,6,7,7,2,6,,2,6606cb0cf43ba898ccdc6e78,distraction,0,1,0,1
2024-06-07 18:39:36,2024-06-07 18:47:08,0,86.168.30.211,100,452,1,2024-06-07 18:47:09,R_1IdfkYjKCoX9Lk5,,,,,52.4391,-1.5039,anonymous,EN,1,"I pay attention ",5,4,4,3,0,0,1,1,1,5,5,4,,,,,,,,,,,,,,,,,,,,,,,,,,,,,,,,,,,,,,,,,,,,,,,,,7,6,7,5,6,6,6,3,5,7,7,7,8,8,7,8,3,7,,,,,,,,,,,,,,,,,,,,4,5b421b9ac2e3810001763252,control,1,0,0,1
2024-06-07 18:39:58,2024-06-07 18:47:12,0,86.154.71.49,100,433,1,2024-06-07 18:47:12,R_2EbqD6eFpZf70vM,,,,,52.6946,-0.02,anonymous,EN,1,I pay attention,,,,,,,,,,,,,2,5,3,2,0,0,0,0,1,3,4,3,5,5,5,5,5,5,5,6,5,6,5,5,7,7,7,7,3,6,,,,,,,,,,,,,,,,,,,,,,,,,,,,,,,,,,,,,,,,,,,,,,,,,,,,,,,,4,6137753896c9b6b5813a2432,control,1,0,1,0
2024-06-07 18:39:22,2024-06-07 18:47:18,0,81.107.136.147,100,475,1,2024-06-07 18:47:18,R_8YaEcQVQcsZQ19b,,,,,51.5943,-0.2491,anonymous,EN,1,I pay attention,,,,,,,,,,,,,2,4,3,3,1,1,1,1,1,4,5,4,,,,,,,,,,,,,,,,,,,,,,,,,,,,,,,,,,,,,6,7,7,5,7,8,6,2,6,8,7,8,9,8,7,8,2,7,,,,,,,,,,,,,,,,,,,,5,581ccd016c73180001fa5b2a,control,1,0,0,1
2024-06-07 18:39:26,2024-06-07 18:47:18,0,86.9.64.7,100,471,1,2024-06-07 18:47:19,R_2zcZyw2cRNRYjbt,,,,,53.4155,-2.122,anonymous,EN,1,I pay attention,,,,,,,,,,,,,4,4,3,2,0,0,1,1,1,4,4,4,,,,,,,,,,,,,,,,,,,,,,,,,,,,,,,,,,,,,7,5,5,5,6,7,7,3,6,6,6,6,7,7,7,6,2,7,,,,,,,,,,,,,,,,,,,,5,55ac3198fdf99b6de3b68b23,distraction,1,0,0,1
2024-06-07 18:39:41,2024-06-07 18:47:19,0,92.239.208.217,100,457,1,2024-06-07 18:47:19,R_2eE6Yu1vAmPPT3o,,,,,56.5292,-3.0745,anonymous,EN,1,I pay attention,4,4,4,3,0,1,1,1,0,4,4,4,,,,,,,,,,,,,5,6,6,5,5,5,6,6,6,7,7,7,8,7,7,7,3,7,,,,,,,,,,,,,,,,,,,,,,,,,,,,,,,,,,,,,,,,,,,,,,,,,,,,,,,,5,637545d6428d85daeedc3df5,distraction,1,0,1,0
2024-06-07 18:39:20,2024-06-07 18:47:21,0,5.66.128.20,100,480,1,2024-06-07 18:47:21,R_8cUJtUxpcdDTFwq,,,,,50.8345,-0.186,anonymous,EN,1,I pay attention,,,,,,,,,,,,,2,4,3,3,0,1,0,1,1,4,5,4,,,,,,,,,,,,,,,,,,,,,,,,,,,,,,,,,,,,,,,,,,,,,,,,,,,,,,,7,5,7,8,7,7,7,1,7,9,8,8,9,9,7,8,1,8,,3,5c5586301fe2dd000169d5a1,distraction,0,1,0,1
2024-06-07 18:39:23,2024-06-07 18:47:21,0,86.149.210.145,100,478,1,2024-06-07 18:47:21,R_2v927inGte2aQpi,,,,,53.7687,-2.4667,anonymous,EN,1,I pay attention,,,,,,,,,,,,,4,4,3,3,1,1,1,1,1,4,4,3,,,,,,,,,,,,,,,,,,,,,,,,,,,,,,,,,,,,,,,,,,,,,,,,,,,,,,,6,5,5,5,7,6,7,4,7,7,6,6,8,8,6,8,4,7,,7,5780d9a1900cc80001d2d1c2,distraction,0,1,0,1
2024-06-07 18:39:43,2024-06-07 18:47:24,0,212.159.106.248,100,461,1,2024-06-07 18:47:24,R_2QK4LdgM1qKGpDr,,,,,51.2687,0.5783,anonymous,EN,1,I pay attention,,,,,,,,,,,,,4,3,5,3,1,0,1,0,1,4,5,5,,,,,,,,,,,,,,,,,,,,,,,,,,,,,,,,,,,,,5,5,6,7,6,8,7,1,6,6,6,7,6,8,6,7,5,6,,,,,,,,,,,,,,,,,,,,5,5d8e154af2858200171fdb95,control,1,0,0,1
2024-06-07 18:39:58,2024-06-07 18:47:24,0,92.5.185.215,100,446,1,2024-06-07 18:47:25,R_20TN6qmprOQd1Ou,,,,,53.6774,-1.2906,anonymous,EN,1,i pay attention,4,5,4,4,0,0,1,1,0,4,5,5,,,,,,,,,,,,,,,,,,,,,,,,,,,,,,,,,,,,,,,,,,,,,,,,,,,,,,,,,,,,,,,,,,,8,5,6,5,5,4,8,3,2,8,7,9,9,9,9,9,3,9,,3,6365805113952480bdeed7b7,distraction,0,1,0,1
2024-06-07 18:44:31,2024-06-07 18:47:30,0,80.194.12.43,100,178,1,2024-06-07 18:47:30,R_8GiH2BbcliG2TDM,,,,,51.8985,-2.1986,anonymous,EN,1,I pay attention,5,3,3,4,1,1,1,1,1,4,5,5,,,,,,,,,,,,,,,,,,,,,,,,,,,,,,,7,7,8,5,5,6,7,5,6,7,7,7,7,8,7,7,3,6,,,,,,,,,,,,,,,,,,,,,,,,,,,,,,,,,,,,,,5,54b19cadfdf99b0b3d806330,distraction,0,1,1,0
2024-06-07 18:39:39,2024-06-07 18:47:33,0,2.100.23.161,100,474,1,2024-06-07 18:47:34,R_2AiDFC2jm9m7epP,,,,,52.4778,-1.9326,anonymous,EN,1,"I pay attention ",5,3,4,3,0,0,1,0,0,4,5,4,,,,,,,,,,,,,,,,,,,,,,,,,,,,,,,,,,,,,,,,,,,,,,,,,7,7,8,7,7,7,7,2,7,7,7,7,7,7,7,7,2,7,,,,,,,,,,,,,,,,,,,,5,62b4370c9a89e5a09c4447de,control,1,0,0,1
2024-06-07 18:40:51,2024-06-07 18:47:36,0,92.40.197.55,100,404,1,2024-06-07 18:47:37,R_6QLPZOBzsb6GbW1,,,,,50.7749,-0.711,anonymous,EN,1,I pay attention,5,5,5,4,0,1,1,1,1,5,5,3,,,,,,,,,,,,,,,,,,,,,,,,,,,,,,,8,9,7,6,7,9,8,5,8,9,6,7,9,9,9,8,3,7,,,,,,,,,,,,,,,,,,,,,,,,,,,,,,,,,,,,,,5,6084591a9ee6c37c14e460b8,control,0,1,1,0
2024-06-07 18:40:30,2024-06-07 18:47:45,0,92.233.74.184,100,434,1,2024-06-07 18:47:45,R_2nI3qtAQKbh2OWq,,,,,51.5507,-0.0998,anonymous,EN,1,i pay attention,4,5,2,4,0,1,1,1,1,5,5,5,,,,,,,,,,,,,,,,,,,,,,,,,,,,,,,,,,,,,,,,,,,,,,,,,,,,,,,,,,,,,,,,,,,8,9,8,8,9,9,8,1,8,9,8,9,9,9,9,9,1,9,,5,5c2ebf3e626018000134986f,control,0,1,0,1
2024-06-07 18:40:24,2024-06-07 18:47:45,0,86.140.100.97,100,441,1,2024-06-07 18:47:46,R_8xYm1cBCIace8cf,,,,,57.1827,-2.1242,anonymous,EN,1,I pay attention,4,3,4,3,1,1,1,1,1,4,4,4,,,,,,,,,,,,,,,,,,,,,,,,,,,,,,,,,,,,,,,,,,,,,,,,,,,,,,,,,,,,,,,,,,,7,7,7,7,7,7,7,3,7,7,7,7,7,7,7,7,2,7,,5,63dfc2c8d2a0118a9552a5ac,control,0,1,0,1
2024-06-07 18:39:43,2024-06-07 18:47:49,0,81.141.90.133,100,485,1,2024-06-07 18:47:49,R_23BBD6fezsvk9UZ,,,,,51.7665,-1.2829,anonymous,EN,1,I pay attention,4,4,5,2,0,1,1,1,1,4,5,5,,,,,,,,,,,,,,,,,,,,,,,,,,,,,,,5,7,7,5,5,5,5,6,5,7,6,7,8,6,6,7,2,5,,,,,,,,,,,,,,,,,,,,,,,,,,,,,,,,,,,,,,5,6382a4cdf6fc083a8c910c7a,distraction,0,1,1,0
2024-06-07 18:40:24,2024-06-07 18:48:05,0,86.22.46.205,100,461,1,2024-06-07 18:48:05,R_8P0FzOS9hklruUB,,,,,51.5518,-0.1345,anonymous,EN,1,I pay attention,,,,,,,,,,,,,5,5,4,4,0,1,0,1,0,3,4,4,,,,,,,,,,,,,,,,,,,,,,,,,,,,,,,,,,,,,,,,,,,,,,,,,,,,,,,9,6,4,6,9,9,9,3,7,9,9,9,9,9,9,9,6,9,,5,665df75005b6bba1195e74fe,distraction,0,1,0,1
2024-06-07 18:39:35,2024-06-07 18:48:08,0,89.243.204.120,100,512,1,2024-06-07 18:48:08,R_2Db8AzjRzHBIUwh,,,,,53.7573,-2.7236,anonymous,EN,1,I pay attention,,,,,,,,,,,,,3,4,3,3,1,0,0,0,0,4,5,4,,,,,,,,,,,,,,,,,,,7,8,8,5,5,7,6,5,6,9,9,5,9,9,9,9,2,9,,,,,,,,,,,,,,,,,,,,,,,,,,,,,,,,,,,,,,2,66350282637e3f6f399f375b,distraction,0,1,1,0
2024-06-07 18:42:33,2024-06-07 18:48:19,0,86.5.105.170,100,346,1,2024-06-07 18:48:20,R_2n9wCEIfhupRFNn,,,,,51.0828,-1.3533,anonymous,EN,1,I pay attention,5,4,4,5,1,1,1,1,1,5,5,5,,,,,,,,,,,,,7,8,8,7,7,8,7,6,7,8,7,8,7,8,8,8,3,8,,,,,,,,,,,,,,,,,,,,,,,,,,,,,,,,,,,,,,,,,,,,,,,,,,,,,,,,3,663d68e807640657499d183b,distraction,1,0,1,0
2024-06-07 18:39:59,2024-06-07 18:48:22,0,86.138.143.23,100,502,1,2024-06-07 18:48:22,R_2g9VFpVqJmqU5oZ,,,,,52.0147,-0.7685,anonymous,EN,1,I pay attention,5,5,4,5,1,1,1,1,1,5,5,4,,,,,,,,,,,,,,,,,,,,,,,,,,,,,,,,,,,,,,,,,,,,,,,,,,,,,,,,,,,,,,,,,,,4,5,5,3,3,6,7,1,5,7,5,6,8,9,6,7,1,5,,4,66339ad21560606e6b1f9e5a,control,0,1,0,1
2024-06-07 18:40:03,2024-06-07 18:48:22,0,82.132.222.239,100,498,1,2024-06-07 18:48:22,R_2me1RKipeG9J9Eo,,,,,51.4292,-0.317,anonymous,EN,1,I pay attention,5,4,5,3,0,1,1,1,0,5,5,5,,,,,,,,,,,,,,,,,,,,,,,,,,,,,,,3,8,6,4,5,5,4,8,5,9,8,7,9,9,8,9,8,7,,,,,,,,,,,,,,,,,,,,,,,,,,,,,,,,,,,,,,6,62779d95881329faf37ad653,distraction,0,1,1,0
2024-06-07 18:39:59,2024-06-07 18:48:24,0,92.9.61.31,100,505,1,2024-06-07 18:48:24,R_2Q60eH3ZFDmBV21,,,,,53.7591,-1.5897,anonymous,EN,1,I pay attention,,,,,,,,,,,,,2,4,4,2,1,1,1,1,1,4,4,3,,,,,,,,,,,,,,,,,,,5,8,7,6,5,6,5,7,7,6,8,8,5,7,6,6,7,5,,,,,,,,,,,,,,,,,,,,,,,,,,,,,,,,,,,,,,2,5693df018d93fe000dfa5733,control,0,1,1,0
2024-06-07 18:40:47,2024-06-07 18:48:25,0,80.192.107.11,100,458,1,2024-06-07 18:48:26,R_2rc6b2dOMwY1LeB,,,,,54.6401,-1.2336,anonymous,EN,1,I pay attention,4,5,5,5,1,1,1,1,1,4,5,5,,,,,,,,,,,,,,,,,,,,,,,,,,,,,,,,,,,,,,,,,,,,,,,,,,,,,,,,,,,,,,,,,,,5,6,5,5,4,5,5,3,5,8,6,8,8,6,8,6,2,7,,6,640105daa923d3f5f2669039,distraction,0,1,0,1
2024-06-07 18:40:39,2024-06-07 18:48:25,0,146.198.4.14,100,466,1,2024-06-07 18:48:26,R_2kLBU3vNJjihFYj,,,,,52.9994,-1.1318,anonymous,EN,1,I pay attention,4,4,4,3,0,1,1,1,1,5,5,4,,,,,,,,,,,,,5,7,6,6,5,5,5,7,5,6,6,6,8,8,7,7,3,7,,,,,,,,,,,,,,,,,,,,,,,,,,,,,,,,,,,,,,,,,,,,,,,,,,,,,,,,5,6319fe78b47336fe7e05230c,control,1,0,1,0
2024-06-07 18:40:19,2024-06-07 18:48:28,0,62.49.79.206,100,488,1,2024-06-07 18:48:28,R_2y8jSDVy3BxzZC8,,,,,51.4479,-0.1377,anonymous,EN,1,"I pay attention ",,,,,,,,,,,,,5,3,4,3,0,0,0,0,0,4,5,4,,,,,,,,,,,,,,,,,,,,,,,,,,,,,,,,,,,,,,,,,,,,,,,,,,,,,,,5,3,4,5,4,4,3,3,5,7,3,6,7,5,7,4,1,5,,3,5c8ba607c5366c0001d022cb,distraction,0,1,0,1
2024-06-07 18:40:21,2024-06-07 18:48:35,0,51.9.43.93,100,493,1,2024-06-07 18:48:35,R_8dWJLgg65xaml8S,,,,,52.2991,-0.6942,anonymous,EN,1,I pay attention,4,4,4,3,1,1,1,1,1,4,5,4,,,,,,,,,,,,,,,,,,,,,,,,,,,,,,,,,,,,,,,,,,,,,,,,,,,,,,,,,,,,,,,,,,,6,5,6,5,5,6,6,3,6,7,6,6,8,8,7,7,3,6,,5,572f526c3c27e7000e0b8aaa,control,0,1,0,1
2024-06-07 18:42:16,2024-06-07 18:48:35,0,86.2.12.109,100,379,1,2024-06-07 18:48:36,R_81iFYeTZrGBH1fS,,,,,51.4402,-0.0259,anonymous,EN,1,I pay attention,4,5,5,4,1,1,1,1,1,5,5,4,,,,,,,,,,,,,,,,,,,,,,,,,,,,,,,,,,,,,,,,,,,,,,,,,,,,,,,,,,,,,,,,,,,5,5,4,7,5,7,8,5,5,9,7,8,9,8,8,8,3,8,,5,665abe039916896b8700ac59,distraction,0,1,0,1
2024-06-07 18:40:32,2024-06-07 18:48:37,0,5.66.245.185,100,484,1,2024-06-07 18:48:38,R_2w4zKmOUQC02xYR,,,,,54.8706,-2.946,anonymous,EN,1,I pay attention,,,,,,,,,,,,,4,3,3,4,0,1,1,1,1,4,5,5,,,,,,,,,,,,,,,,,,,5,5,5,5,5,5,5,5,5,7,6,6,7,7,5,6,3,7,,,,,,,,,,,,,,,,,,,,,,,,,,,,,,,,,,,,,,5,577173988445140001a36edb,distraction,0,1,1,0
2024-06-07 18:39:48,2024-06-07 18:48:40,0,2.101.170.224,100,532,1,2024-06-07 18:48:41,R_2szuOmm59P66G7A,,,,,51.0909,1.1691,anonymous,EN,1,I pay attention,,,,,,,,,,,,,4,4,4,5,0,1,1,0,1,4,4,4,,,,,,,,,,,,,,,,,,,4,8,7,5,5,8,6,8,5,6,7,7,7,7,7,7,4,7,,,,,,,,,,,,,,,,,,,,,,,,,,,,,,,,,,,,,,5,665734c7a344f079c08ab102,control,0,1,1,0
2024-06-07 18:39:23,2024-06-07 18:48:41,0,81.111.76.34,100,557,1,2024-06-07 18:48:41,R_2XikVn7ASWEkalQ,,,,,53.5866,-2.4354,anonymous,EN,1,I pay attention,,,,,,,,,,,,,5,5,4,5,1,1,1,1,1,5,5,4,,,,,,,,,,,,,,,,,,,7,8,9,6,7,7,7,3,6,9,8,9,9,9,9,9,1,8,,,,,,,,,,,,,,,,,,,,,,,,,,,,,,,,,,,,,,5,604fa685e33606f9a0ee8189,control,0,1,1,0
2024-06-07 18:40:07,2024-06-07 18:48:44,0,31.50.191.154,100,517,1,2024-06-07 18:48:45,R_2Ft72o4fTa4ziv3,,,,,50.9661,-1.3348,anonymous,EN,1,I pay attention,,,,,,,,,,,,,4,4,5,3,1,0,0,0,1,3,4,3,6,5,5,5,5,5,7,6,6,6,4,3,8,7,6,6,2,7,,,,,,,,,,,,,,,,,,,,,,,,,,,,,,,,,,,,,,,,,,,,,,,,,,,,,,,,4,5ae9cde00335e200019e9eed,distraction,1,0,1,0
2024-06-07 18:39:23,2024-06-07 18:48:50,0,140.228.67.30,100,566,1,2024-06-07 18:48:51,R_2m1C8zxolgnCrnZ,,,,,51.5026,-0.066,anonymous,EN,1,I pay attention,,,,,,,,,,,,,4,3,3,3,1,1,0,0,0,4,4,4,,,,,,,,,,,,,,,,,,,5,6,6,5,5,5,6,7,4,6,5,6,7,7,7,7,4,7,,,,,,,,,,,,,,,,,,,,,,,,,,,,,,,,,,,,,,6,5e9edad6e7784d016ed87b36,distraction,0,1,1,0
2024-06-07 18:40:28,2024-06-07 18:48:53,0,86.179.206.59,100,504,1,2024-06-07 18:48:53,R_2rk2rCwiFC9p7W1,,,,,50.8546,0.5362,anonymous,EN,1,"I pay attention ",,,,,,,,,,,,,5,4,4,5,0,1,0,1,1,5,4,4,,,,,,,,,,,,,,,,,,,6,5,6,6,7,5,7,1,5,8,8,8,7,7,8,7,2,6,,,,,,,,,,,,,,,,,,,,,,,,,,,,,,,,,,,,,,5,5fde8fc3c0e40a651914c261,control,0,1,1,0
2024-06-07 18:39:56,2024-06-07 18:49:00,0,188.28.174.84,100,543,1,2024-06-07 18:49:00,R_2CN9mnFJ8u7OqE3,,,,,53.7981,-1.7623,anonymous,EN,1,I pay attention,,,,,,,,,,,,,2,4,3,5,1,1,0,1,1,4,5,4,,,,,,,,,,,,,,,,,,,,,,,,,,,,,,,,,,,,,8,7,7,7,6,8,8,1,6,8,7,7,6,8,8,7,2,6,,,,,,,,,,,,,,,,,,,,5,664212577c09653c94741aab,control,1,0,0,1
2024-06-07 18:41:52,2024-06-07 18:49:06,0,82.13.243.238,100,434,1,2024-06-07 18:49:07,R_7Vr1YmvGKQx6j1V,,,,,52.4259,-1.4628,anonymous,EN,1,I pay attention,4,3,4,3,1,1,1,1,1,4,4,4,,,,,,,,,,,,,,,,,,,,,,,,,,,,,,,,,,,,,,,,,,,,,,,,,,,,,,,,,,,,,,,,,,,5,6,6,5,5,5,5,5,5,6,5,5,7,7,5,6,5,6,,5,63469c570cfe46f801523b66,control,0,1,0,1
2024-06-07 18:41:37,2024-06-07 18:49:12,0,81.99.200.170,100,455,1,2024-06-07 18:49:12,R_8HLc7TKD80V7rqz,,,,,53.3202,-2.1413,anonymous,EN,1,I pay attention,,,,,,,,,,,,,4,4,5,5,1,0,0,0,0,4,5,5,,,,,,,,,,,,,,,,,,,,,,,,,,,,,,,,,,,,,6,6,6,6,7,8,6,2,6,8,7,7,8,8,9,8,2,7,,,,,,,,,,,,,,,,,,,,2,57ab1dd9082d1f00013d5c3f,distraction,1,0,0,1
2024-06-07 18:39:42,2024-06-07 18:49:31,0,217.8.3.248,100,588,1,2024-06-07 18:49:31,R_21zRiHTEcqKQjD6,,,,,52.9579,-1.2107,anonymous,EN,1,I pay attension,,,,,,,,,,,,,5,5,5,4,1,0,1,1,0,5,5,5,,,,,,,,,,,,,,,,,,,9,9,9,9,9,9,9,1,9,9,9,9,9,9,9,9,1,9,,,,,,,,,,,,,,,,,,,,,,,,,,,,,,,,,,,,,,2,5b1d867ac9d3cb000110529a,control,0,1,1,0
2024-06-07 18:40:04,2024-06-07 18:49:41,0,92.5.37.196,100,577,1,2024-06-07 18:49:42,R_2s48XzYkirrssBH,,,,,53.2765,-2.5979,anonymous,EN,1,I pay attention,5,3,4,4,0,1,1,1,0,4,5,5,,,,,,,,,,,,,,,,,,,,,,,,,,,,,,,,,,,,,,,,,,,,,,,,,6,8,8,8,8,8,8,2,8,7,9,9,9,9,9,9,1,9,,,,,,,,,,,,,,,,,,,,5,5e62ece11e3088084e0039b8,distraction,1,0,0,1
2024-06-07 18:39:29,2024-06-07 18:49:54,0,94.194.81.140,100,625,1,2024-06-07 18:49:55,R_29s2Bvn5sPj7jJv,,,,,52.4537,1.7037,anonymous,EN,1,i pay attention,,,,,,,,,,,,,4,5,3,3,1,0,0,0,1,4,4,4,9,7,8,8,7,8,9,5,5,9,8,5,8,8,8,8,3,8,,,,,,,,,,,,,,,,,,,,,,,,,,,,,,,,,,,,,,,,,,,,,,,,,,,,,,,,2,5cdc899d48d5f100195fafff,distraction,1,0,1,0
2024-06-07 18:40:02,2024-06-07 18:49:55,0,90.212.168.48,100,593,1,2024-06-07 18:49:56,R_264LN0x7pBORMlZ,,,,,53.034,-2.1469,anonymous,EN,1,I pay attention,,,,,,,,,,,,,4,5,4,5,0,0,0,0,1,4,5,5,8,7,7,8,8,7,9,4,6,9,6,7,9,8,8,9,2,8,,,,,,,,,,,,,,,,,,,,,,,,,,,,,,,,,,,,,,,,,,,,,,,,,,,,,,,,5,6611256f5cdc2614791df8d8,control,1,0,1,0
2024-06-07 18:40:22,2024-06-07 18:50:04,0,81.104.145.217,100,582,1,2024-06-07 18:50:05,R_8nN7PCyOQkbTvr3,,,,,55.8328,-4.4832,anonymous,EN,1,"I pay attention ",4,3,4,2,0,1,0,1,0,4,3,5,,,,,,,,,,,,,6,4,6,6,7,6,6,4,4,5,5,6,7,7,4,3,7,6,,,,,,,,,,,,,,,,,,,,,,,,,,,,,,,,,,,,,,,,,,,,,,,,,,,,,,,,2,66320c3fd918f178605a74f8,distraction,1,0,1,0
2024-06-07 18:40:34,2024-06-07 18:50:12,0,92.8.150.138,100,578,1,2024-06-07 18:50:12,R_28HfGsv7MJ4LEoE,,,,,51.5834,-0.0755,anonymous,EN,1,I pay attention,,,,,,,,,,,,,5,5,5,5,1,1,1,1,0,5,5,4,,,,,,,,,,,,,,,,,,,,,,,,,,,,,,,,,,,,,9,7,7,7,7,7,7,7,7,8,8,8,8,8,8,8,8,8,,,,,,,,,,,,,,,,,,,,6,6648a8037ce304073173938a,distraction,1,0,0,1
2024-06-07 18:41:53,2024-06-07 18:50:27,0,2.221.172.39,100,514,1,2024-06-07 18:50:28,R_2G2Mxx9tnkPezTz,,,,,53.9882,-1.5322,anonymous,EN,1,I pay attention,,,,,,,,,,,,,4,4,3,2,1,1,1,1,1,4,4,3,,,,,,,,,,,,,,,,,,,,,,,,,,,,,,,,,,,,,5,5,5,5,5,5,6,1,5,6,5,6,7,7,6,6,1,5,,,,,,,,,,,,,,,,,,,,6,617406fbfced12169896d158,control,1,0,0,1
2024-06-07 18:40:04,2024-06-07 18:50:28,0,92.15.213.79,100,623,1,2024-06-07 18:50:28,R_2eG0SDADzp6aE4k,,,,,53.4113,-2.9759,anonymous,EN,1,"I pay attention ",4,4,4,5,1,1,1,0,1,4,4,4,,,,,,,,,,,,,7,5,6,6,5,5,5,7,5,8,8,8,8,8,8,8,2,8,,,,,,,,,,,,,,,,,,,,,,,,,,,,,,,,,,,,,,,,,,,,,,,,,,,,,,,,5,6648bbe07ce3040731739926,control,1,0,1,0
2024-06-07 18:45:56,2024-06-07 18:50:29,0,82.3.226.166,100,272,1,2024-06-07 18:50:29,R_8TLf2CYj934nI7T,,,,,52.9029,-1.5046,anonymous,EN,1,I pay attention,,,,,,,,,,,,,5,4,4,3,1,1,1,1,1,4,5,5,,,,,,,,,,,,,,,,,,,,,,,,,,,,,,,,,,,,,7,7,6,7,6,6,7,6,6,7,5,7,6,6,6,7,3,7,,,,,,,,,,,,,,,,,,,,3,62db2644ab0a3a353c0dcb54,distraction,1,0,0,1
2024-06-07 18:39:55,2024-06-07 18:50:30,0,148.252.159.64,100,635,1,2024-06-07 18:50:31,R_2hpllVaUM1FqKSl,,,,,51.4964,-0.1224,anonymous,EN,1,I pay attention,,,,,,,,,,,,,4,5,4,3,0,1,1,1,0,4,5,5,,,,,,,,,,,,,,,,,,,,,,,,,,,,,,,,,,,,,,,,,,,,,,,,,,,,,,,5,5,5,5,5,7,5,4,5,8,5,6,8,8,7,7,3,5,,4,665db4b0bd35a697674ddc6e,control,0,1,0,1
2024-06-07 18:45:23,2024-06-07 18:50:32,0,2.24.243.99,100,308,1,2024-06-07 18:50:32,R_2iDv6ce9vJQ0zzw,,,,,52.8928,-2.0849,anonymous,EN,1,"I pay attention ",,,,,,,,,,,,,4,4,3,4,1,1,0,0,1,4,5,4,,,,,,,,,,,,,,,,,,,5,8,6,4,4,5,6,7,5,7,7,8,9,9,7,7,3,7,,,,,,,,,,,,,,,,,,,,,,,,,,,,,,,,,,,,,,5,665236384ac94a66829d3d3a,control,0,1,1,0
2024-06-07 18:39:53,2024-06-07 18:50:37,0,31.104.53.167,100,644,1,2024-06-07 18:50:37,R_2TMYt9koSl85Vp5,,,,,52.1811,-2.8001,anonymous,EN,1,I pay attention,4,3,4,2,1,1,1,1,1,4,4,4,,,,,,,,,,,,,7,6,8,7,8,8,8,1,8,8,7,7,8,9,8,8,1,8,,,,,,,,,,,,,,,,,,,,,,,,,,,,,,,,,,,,,,,,,,,,,,,,,,,,,,,,3,55747e4afdf99b6752df4183,control,1,0,1,0
2024-06-07 18:39:49,2024-06-07 18:50:51,0,176.24.7.74,100,661,1,2024-06-07 18:50:52,R_5r0A00uvlsmTgXE,,,,,52.5678,1.662,anonymous,EN,1,I pay attention,,,,,,,,,,,,,4,3,4,3,0,0,1,1,1,4,4,4,6,7,3,3,3,4,5,1,3,7,5,5,7,5,4,6,1,3,,,,,,,,,,,,,,,,,,,,,,,,,,,,,,,,,,,,,,,,,,,,,,,,,,,,,,,,2,6659ed61566ce6a7ff2d5989,distraction,1,0,1,0
2024-06-07 18:39:34,2024-06-07 18:50:54,0,86.30.194.173,100,680,1,2024-06-07 18:50:55,R_2erPmBuGnyqLbAe,,,,,53.1659,-1.2113,anonymous,EN,1,I pay attention,4,3,3,3,0,1,1,1,1,4,5,5,,,,,,,,,,,,,,,,,,,,,,,,,,,,,,,,,,,,,,,,,,,,,,,,,9,8,9,8,9,9,9,1,9,8,9,9,9,9,8,8,1,9,,,,,,,,,,,,,,,,,,,,3,63c58429db2b7daf0f67d60d,control,1,0,0,1
2024-06-07 18:39:44,2024-06-07 18:51:01,0,2.99.28.88,100,676,1,2024-06-07 18:51:01,R_2oHjWtMvXKSDMRz,,,,,51.5834,-0.0755,anonymous,EN,1,I pay attention,4,3,4,4,0,1,1,1,1,4,4,3,,,,,,,,,,,,,,,,,,,,,,,,,,,,,,,,,,,,,,,,,,,,,,,,,,,,,,,,,,,,,,,,,,,7,6,6,7,8,8,6,2,9,9,6,8,7,9,8,8,1,7,,4,6658b314777a6d0ee2bbea2f,distraction,0,1,0,1
2024-06-07 18:39:36,2024-06-07 18:51:24,0,91.125.239.33,100,707,1,2024-06-07 18:51:24,R_2JL3NdmkaQuKvHI,,,,,52.2445,0.7186,anonymous,EN,1,"""I pay attention""",4,4,4,4,0,1,1,0,1,4,4,3,,,,,,,,,,,,,,,,,,,,,,,,,,,,,,,,,,,,,,,,,,,,,,,,,7,6,6,5,5,7,7,1,5,7,8,8,8,7,7,7,2,7,,,,,,,,,,,,,,,,,,,,5,660d6a1f4a7f1337de235daa,control,1,0,0,1
2024-06-07 18:38:57,2024-06-07 18:51:59,0,2.99.183.43,100,781,1,2024-06-07 18:51:59,R_2mMILmlW8cZEBAB,,,,,51.456,-0.0611,anonymous,EN,1,I pay attention,4,4,4,5,1,1,1,1,0,4,4,4,,,,,,,,,,,,,,,,,,,,,,,,,,,,,,,,,,,,,,,,,,,,,,,,,7,6,8,8,8,8,8,2,8,7,7,7,7,7,7,7,7,7,,,,,,,,,,,,,,,,,,,,6,654651ac7e37774d5853f448,distraction,1,0,0,1
2024-06-07 18:39:37,2024-06-07 18:52:27,0,86.23.88.152,100,770,1,2024-06-07 18:52:28,R_2LGgXHzck5LWB5T,,,,,52.9875,-2.1803,anonymous,EN,1,I pay attention,,,,,,,,,,,,,4,4,3,4,1,1,1,1,1,4,4,3,6,6,7,5,5,5,5,8,6,7,5,5,7,8,8,7,3,7,,,,,,,,,,,,,,,,,,,,,,,,,,,,,,,,,,,,,,,,,,,,,,,,,,,,,,,,5,63fbf0e3b18cc14adc0dbfb6,control,1,0,1,0
2024-06-07 18:41:20,2024-06-07 18:52:33,0,94.14.252.73,100,673,1,2024-06-07 18:52:34,R_8otXVOmRHVcZD7r,,,,,52.9987,-1.1953,anonymous,EN,1,I pay attention,,,,,,,,,,,,,4,4,3,3,0,1,0,1,0,4,4,3,3,6,5,4,5,3,3,7,2,6,5,5,8,6,7,7,1,6,,,,,,,,,,,,,,,,,,,,,,,,,,,,,,,,,,,,,,,,,,,,,,,,,,,,,,,,6,6229dc51dff340226697778e,control,1,0,1,0
2024-06-07 18:40:00,2024-06-07 18:52:41,0,86.11.48.132,100,760,1,2024-06-07 18:52:41,R_2nAXzsY0EWjJtPQ,,,,,51.5888,-0.0247,anonymous,EN,1,I pay attention,4,4,3,3,0,1,1,1,0,4,3,3,,,,,,,,,,,,,,,,,,,,,,,,,,,,,,,,,,,,,,,,,,,,,,,,,,,,,,,,,,,,,,,,,,,5,5,5,5,5,6,5,5,5,6,5,5,6,5,6,5,5,5,,6,6042043e8399b51f696c5cda,control,0,1,0,1
2024-06-07 18:43:30,2024-06-07 18:53:08,0,148.88.247.108,100,577,1,2024-06-07 18:53:08,R_20FjVkjwF2Op2JX,,,,,54.0479,-2.7977,anonymous,EN,1,I pay attention,5,3,4,3,0,1,1,1,0,5,5,5,,,,,,,,,,,,,,,,,,,,,,,,,,,,,,,,,,,,,,,,,,,,,,,,,7,7,5,6,6,8,8,5,5,8,7,9,9,8,7,9,1,8,,,,,,,,,,,,,,,,,,,,2,651ac88823e71c05dbc1ff63,control,1,0,0,1
2024-06-07 18:39:37,2024-06-07 18:54:09,0,86.185.177.145,100,872,1,2024-06-07 18:54:10,R_2NVD0pvxWFKIJWE,,,,,50.8058,-0.3898,anonymous,EN,1,I pay attention,4,5,5,5,0,1,1,1,1,5,5,4,,,,,,,,,,,,,3,5,5,5,6,5,5,8,5,8,6,7,8,8,8,8,1,8,,,,,,,,,,,,,,,,,,,,,,,,,,,,,,,,,,,,,,,,,,,,,,,,,,,,,,,,5,59e39cc9c0d35a0001294f20,distraction,1,0,1,0
2024-06-07 18:40:16,2024-06-07 18:54:33,0,2.31.178.194,100,856,1,2024-06-07 18:54:33,R_2DpIobpIUGQPgsh,,,,,53.1149,-2.1808,anonymous,EN,1,I pay attention,4,3,4,3,1,1,1,1,1,4,5,5,,,,,,,,,,,,,,,,,,,,,,,,,,,,,,,,,,,,,,,,,,,,,,,,,,,,,,,,,,,,,,,,,,,5,4,3,3,5,8,6,1,4,8,3,4,6,6,5,6,1,6,,2,6396044f6ae489bb820c67a5,control,0,1,0,1
2024-06-07 18:51:04,2024-06-07 18:55:24,0,92.27.186.212,100,260,1,2024-06-07 18:55:25,R_2OBvVDowlzAOTNT,,,,,51.4528,-0.109,anonymous,EN,1,I pay attention,5,4,4,4,1,1,1,1,1,4,5,5,,,,,,,,,,,,,,,,,,,,,,,,,,,,,,,,,,,,,,,,,,,,,,,,,,,,,,,,,,,,,,,,,,,7,6,7,6,6,8,8,2,7,8,7,7,8,8,7,8,4,7,,5,5f3ec93efbd299158253f283,distraction,0,1,0,1
2024-06-07 18:48:22,2024-06-07 18:55:37,0,146.198.37.17,100,435,1,2024-06-07 18:55:38,R_2oGBUpOSMFMWzha,,,,,53.4155,-2.122,anonymous,EN,1,I pay attention,,,,,,,,,,,,,4,4,4,3,1,0,0,1,0,4,4,4,,,,,,,,,,,,,,,,,,,,,,,,,,,,,,,,,,,,,,,,,,,,,,,,,,,,,,,5,4,6,5,5,4,6,2,4,9,6,7,8,8,8,8,1,7,,2,63468b5809bf04222262bfed,control,0,1,0,1
2024-06-07 18:39:49,2024-06-07 18:56:06,0,86.28.195.77,100,976,1,2024-06-07 18:56:06,R_25F1w3GGxYrCsGG,,,,,51.4703,-3.2811,anonymous,EN,1,I PAY ATTENTION,5,5,5,5,1,1,1,1,1,5,5,5,,,,,,,,,,,,,9,9,9,6,6,9,9,1,5,9,7,7,7,8,7,7,1,7,,,,,,,,,,,,,,,,,,,,,,,,,,,,,,,,,,,,,,,,,,,,,,,,,,,,,,,,6,665c72ef8e6e166f13aee9f6,control,1,0,1,0
2024-06-07 18:40:09,2024-06-07 18:57:23,0,159.180.112.68,100,1033,1,2024-06-07 18:57:23,R_2Tpb4oWUSOZPuSY,,,,,55.9335,-3.254,anonymous,EN,1,I pay attention,4,4,4,4,0,1,0,0,1,4,5,4,,,,,,,,,,,,,,,,,,,,,,,,,,,,,,,,,,,,,,,,,,,,,,,,,6,5,5,5,5,7,6,4,6,7,5,6,8,8,6,7,3,7,,,,,,,,,,,,,,,,,,,,5,6659f7b686070a60418a9b41,control,1,0,0,1
2024-06-07 18:40:02,2024-06-07 18:57:33,0,147.148.91.234,100,1050,1,2024-06-07 18:57:33,R_2a9VdvIDJ8OV8na,,,,,52.9538,-1.1571,anonymous,EN,1,I pay attention,5,4,4,5,1,0,1,1,1,4,5,4,,,,,,,,,,,,,,,,,,,,,,,,,,,,,,,8,9,8,7,8,8,9,1,8,9,9,9,9,8,8,9,1,8,,,,,,,,,,,,,,,,,,,,,,,,,,,,,,,,,,,,,,5,6651e613ea4a0dfa62f2e003,control,0,1,1,0
2024-06-07 18:39:25,2024-06-07 18:57:39,0,165.120.115.189,100,1094,1,2024-06-07 18:57:39,R_2zqXvAUfKeJAcAK,,,,,51.6766,0.7696,anonymous,EN,1,I pay attention,5,5,5,5,0,0,1,0,0,5,5,5,,,,,,,,,,,,,,,,,,,,,,,,,,,,,,,9,7,8,9,9,7,9,7,9,7,8,8,7,6,6,7,4,7,,,,,,,,,,,,,,,,,,,,,,,,,,,,,,,,,,,,,,2,5ef5f74fb4a08f2676fb3aba,control,0,1,1,0
2024-06-07 18:39:46,2024-06-07 18:58:23,0,85.255.233.67,100,1116,1,2024-06-07 18:58:23,R_2PKNtp9X1PRHCAA,,,,,51.4964,-0.1224,anonymous,EN,1,I pay attention,5,4,1,5,1,1,1,1,0,4,3,3,,,,,,,,,,,,,,,,,,,,,,,,,,,,,,,7,6,6,3,2,1,5,8,3,6,5,5,7,7,5,6,2,6,,,,,,,,,,,,,,,,,,,,,,,,,,,,,,,,,,,,,,2,66565d5c83886df54573f3c5,distraction,0,1,1,0
2024-06-07 18:46:24,2024-06-07 19:00:05,0,51.9.79.203,100,820,1,2024-06-07 19:00:05,R_2SizIU9a8G6rSsK,,,,,50.8696,-1.3091,anonymous,EN,1,I pay attention,4,4,5,4,1,1,1,1,1,5,5,5,,,,,,,,,,,,,,,,,,,,,,,,,,,,,,,7,7,7,7,8,8,8,2,7,7,6,7,7,8,8,7,3,7,,,,,,,,,,,,,,,,,,,,,,,,,,,,,,,,,,,,,,6,6272f5f3d37c1c9e88c115a2,control,0,1,1,0
2024-06-07 18:51:37,2024-06-07 19:03:19,0,79.79.132.46,100,702,1,2024-06-07 19:03:20,R_5TLS9fhmK5R8l4k,,,,,51.141,0.8238,anonymous,EN,1,I pay attention,,,,,,,,,,,,,5,4,5,4,0,0,0,0,0,5,5,5,,,,,,,,,,,,,,,,,,,,,,,,,,,,,,,,,,,,,9,9,9,9,9,9,9,9,9,9,9,9,9,9,9,9,1,9,,,,,,,,,,,,,,,,,,,,6,663786f2247e64594870d159,distraction,1,0,0,1
2024-06-07 18:55:53,2024-06-07 19:03:44,0,86.30.75.102,100,470,1,2024-06-07 19:03:44,R_2DooJKLoX4cWZYo,,,,,51.8373,0.8174,anonymous,EN,1,I pay attention,,,,,,,,,,,,,3,4,4,4,1,1,1,1,1,4,4,4,,,,,,,,,,,,,,,,,,,5,8,7,6,5,6,6,7,6,7,6,7,7,6,8,7,2,7,,,,,,,,,,,,,,,,,,,,,,,,,,,,,,,,,,,,,,5,63174af7d57182f9bf90c094,distraction,0,1,1,0
2024-06-07 18:40:18,2024-06-07 19:03:50,0,51.155.219.113,100,1411,1,2024-06-07 19:03:50,R_2Vys4nA3tjiy6Fb,,,,,51.4746,-0.2517,anonymous,EN,1,I pay attention,,,,,,,,,,,,,4,4,5,5,1,1,1,0,1,5,5,5,,,,,,,,,,,,,,,,,,,6,8,5,5,5,5,4,3,6,9,7,9,9,8,9,8,1,9,,,,,,,,,,,,,,,,,,,,,,,,,,,,,,,,,,,,,,5,5cba676b16ab74001672d70f,distraction,0,1,1,0
2024-06-07 18:40:20,2024-06-07 19:09:47,0,82.44.60.105,100,1767,1,2024-06-07 19:09:47,R_8ARKfpJBd2cQ9UJ,,,,,51.6539,-0.0888,anonymous,EN,1,I pay attention,4,5,4,4,1,1,1,1,1,5,4,4,,,,,,,,,,,,,,,,,,,,,,,,,,,,,,,,,,,,,,,,,,,,,,,,,7,8,8,8,8,8,8,1,8,7,9,8,9,9,9,9,1,9,,,,,,,,,,,,,,,,,,,,6,63b3377ca1ccdfc7cc567503,distraction,1,0,0,1
2024-06-07 18:41:27,2024-06-07 19:11:47,0,78.86.132.160,100,1819,1,2024-06-07 19:11:47,R_8KU7rF7WkFcOoj4,,,,,51.4964,-0.1224,anonymous,EN,1,I pay attention,,,,,,,,,,,,,5,4,5,4,1,1,1,1,1,4,4,4,8,8,7,8,8,8,8,4,8,7,8,8,8,8,8,8,2,8,,,,,,,,,,,,,,,,,,,,,,,,,,,,,,,,,,,,,,,,,,,,,,,,,,,,,,,,6,647f87dfe5161fce9adc1b97,distraction,1,0,1,0
2024-06-07 19:08:04,2024-06-07 19:13:44,0,143.58.141.67,100,339,1,2024-06-07 19:13:44,R_2s15AmS0xf8jiWM,,,,,51.5026,-0.0668,anonymous,EN,1,I pay attention,4,4,4,2,0,1,1,1,0,3,2,1,,,,,,,,,,,,,,,,,,,,,,,,,,,,,,,4,3,5,2,3,2,5,6,2,4,5,5,5,5,4,5,2,5,,,,,,,,,,,,,,,,,,,,,,,,,,,,,,,,,,,,,,1,571de12713b1b70012be47f6,distraction,0,1,1,0
2024-06-07 19:15:31,2024-06-07 19:19:03,0,109.156.241.12,100,212,1,2024-06-07 19:19:04,R_2Dc1ySV8HIPfTyM,,,,,53.3006,-2.6604,anonymous,EN,1,"I pay attention ",4,4,5,4,0,1,1,0,0,4,5,4,,,,,,,,,,,,,,,,,,,,,,,,,,,,,,,,,,,,,,,,,,,,,,,,,,,,,,,,,,,,,,,,,,,6,5,6,5,5,6,6,1,5,7,6,6,7,8,6,7,1,7,,5,62821d51cf0289f22341c231,control,0,1,0,1
2024-06-07 19:15:31,2024-06-07 19:19:04,0,81.106.52.4,100,212,1,2024-06-07 19:19:04,R_2rfxyU3h4UopVdm,,,,,52.6513,-1.0876,anonymous,EN,1,I pay attention,,,,,,,,,,,,,4,3,4,4,0,0,1,0,0,3,4,2,,,,,,,,,,,,,,,,,,,,,,,,,,,,,,,,,,,,,,,,,,,,,,,,,,,,,,,6,5,7,8,5,6,6,2,9,5,4,5,7,6,6,8,6,4,,3,58747a3875946e0001ba07cf,distraction,0,1,0,1
2024-06-07 18:39:57,2024-06-07 19:36:35,0,81.78.156.18,100,3397,1,2024-06-07 19:36:35,R_2H04kHQtNuSYOef,,,,,52.683,0.9339,anonymous,EN,1,"I pay attention ",4,4,4,4,0,0,0,0,0,4,4,5,,,,,,,,,,,,,8,7,8,7,8,8,6,2,7,6,6,6,8,8,7,7,2,8,,,,,,,,,,,,,,,,,,,,,,,,,,,,,,,,,,,,,,,,,,,,,,,,,,,,,,,,5,5c993969c6d15000019bbc4f,distraction,1,0,1,0
