StartDate,EndDate,Status.x,IPAddress,Progress,Duration (in seconds),Finished,RecordedDate,ResponseId,RecipientLastName,RecipientFirstName,RecipientEmail,ExternalReference,LocationLatitude,LocationLongitude,DistributionChannel,UserLanguage,consent,attention,Q1,gender,age,education,PROLIFIC_PID,id,discipline,impressiveness,learn,impressed,competence,trust,consensus,Submission id,Status.y,Custom study tncs accepted at,Started at,Completed at,Reviewed at,Archived at,Time taken,Completion code,Total approvals,Sex,Ethnicity simplified,Country of birth,Country of residence,Nationality,Language,Student status,Employment status
2024-03-04 17:25:33,2024-03-04 17:27:15,0,207.113.245.199,100,101,1,2024-03-04 17:27:16,R_7NQaQs2rodeX4oF,NA,NA,NA,NA,41.8149,-89.962,anonymous,EN,1,I pay attention,NA,male,33,6,57ad04adddc11d00015bb1c3,1,archeo,basic,5,4,4,4,4,65e5f5f9cb1ae66c221928ed,AWAITING REVIEW,Not Applicable,2024-03-04T16:25:29Z,2024-03-04T16:27:19Z,NA,2024-03-04T16:27:20Z,111,C232A6J3,3807,Male,White,United States,United States,United States,English,No,Full-Time
2024-03-04 17:25:33,2024-03-04 17:27:15,0,207.113.245.199,100,101,1,2024-03-04 17:27:16,R_7NQaQs2rodeX4oF,NA,NA,NA,NA,41.8149,-89.962,anonymous,EN,1,I pay attention,NA,male,33,6,57ad04adddc11d00015bb1c3,1,entom,imp,5,5,5,5,4,65e5f5f9cb1ae66c221928ed,AWAITING REVIEW,Not Applicable,2024-03-04T16:25:29Z,2024-03-04T16:27:19Z,NA,2024-03-04T16:27:20Z,111,C232A6J3,3807,Male,White,United States,United States,United States,English,No,Full-Time
2024-03-04 17:25:14,2024-03-04 17:28:25,0,184.58.82.63,100,190,1,2024-03-04 17:28:25,R_1HkMOTEaozax80d,NA,NA,NA,NA,36.9365,-84.0901,anonymous,EN,1,I pay attention,NA,female,28,3,649d809191fa2e4b6e84c69e,2,archeo,imp,4,5,4,5,4,65e5f5e447342acc50b2f709,AWAITING REVIEW,Not Applicable,2024-03-04T16:25:13Z,2024-03-04T16:28:28Z,NA,2024-03-04T16:28:29Z,196,C232A6J3,1318,Female,White,United States,United States,United States,English,Yes,Unemployed (and job seeking)
2024-03-04 17:25:14,2024-03-04 17:28:25,0,184.58.82.63,100,190,1,2024-03-04 17:28:25,R_1HkMOTEaozax80d,NA,NA,NA,NA,36.9365,-84.0901,anonymous,EN,1,I pay attention,NA,female,28,3,649d809191fa2e4b6e84c69e,2,entom,basic,4,3,5,2,3,65e5f5e447342acc50b2f709,AWAITING REVIEW,Not Applicable,2024-03-04T16:25:13Z,2024-03-04T16:28:28Z,NA,2024-03-04T16:28:29Z,196,C232A6J3,1318,Female,White,United States,United States,United States,English,Yes,Unemployed (and job seeking)
2024-03-04 17:25:23,2024-03-04 17:28:41,0,99.91.203.219,100,198,1,2024-03-04 17:28:42,R_500Kd6hfeQ9nq6w,NA,NA,NA,NA,39.711,-86.2591,anonymous,EN,1,I pay attention,NA,male,26,5,5ee1be444c9d75206ce5aa92,3,archeo,imp,5,5,4,3,3,65e5f5e1ea3e2ceccdb55096,AWAITING REVIEW,Not Applicable,2024-03-04T16:25:11Z,2024-03-04T16:28:46Z,NA,2024-03-04T16:28:47Z,216,C232A6J3,3660,Male,Asian,United States,United States,United States,English,No,Full-Time
2024-03-04 17:25:23,2024-03-04 17:28:41,0,99.91.203.219,100,198,1,2024-03-04 17:28:42,R_500Kd6hfeQ9nq6w,NA,NA,NA,NA,39.711,-86.2591,anonymous,EN,1,I pay attention,NA,male,26,5,5ee1be444c9d75206ce5aa92,3,entom,basic,2,2,4,4,5,65e5f5e1ea3e2ceccdb55096,AWAITING REVIEW,Not Applicable,2024-03-04T16:25:11Z,2024-03-04T16:28:46Z,NA,2024-03-04T16:28:47Z,216,C232A6J3,3660,Male,Asian,United States,United States,United States,English,No,Full-Time
2024-03-04 17:26:05,2024-03-04 17:29:09,0,104.230.72.178,100,183,1,2024-03-04 17:29:09,R_6q7WS3Ip6ELLWFn,NA,NA,NA,NA,39.7838,-84.2375,anonymous,EN,1,I pay attention,NA,male,29,3,5fa1636a77c875235bd8e1f6,4,archeo,basic,4,5,4,5,4,65e5f617fe158501e40a7fcf,AWAITING REVIEW,Not Applicable,2024-03-04T16:26:03Z,2024-03-04T16:29:11Z,NA,2024-03-04T16:29:12Z,188,C232A6J3,3560,Male,White,United States,United States,United States,English,No,Full-Time
2024-03-04 17:26:05,2024-03-04 17:29:09,0,104.230.72.178,100,183,1,2024-03-04 17:29:09,R_6q7WS3Ip6ELLWFn,NA,NA,NA,NA,39.7838,-84.2375,anonymous,EN,1,I pay attention,NA,male,29,3,5fa1636a77c875235bd8e1f6,4,entom,imp,5,5,4,4,5,65e5f617fe158501e40a7fcf,AWAITING REVIEW,Not Applicable,2024-03-04T16:26:03Z,2024-03-04T16:29:11Z,NA,2024-03-04T16:29:12Z,188,C232A6J3,3560,Male,White,United States,United States,United States,English,No,Full-Time
2024-03-04 17:26:37,2024-03-04 17:29:31,0,69.255.82.86,100,173,1,2024-03-04 17:29:31,R_7mOXdSIifXztYVr,NA,NA,NA,NA,38.3523,-75.5386,anonymous,EN,1,I pay attention,NA,female,32,3,5bf008bec5260b0001d5a317,5,archeo,imp,3,3,2,2,3,65e5f6168bedd849e61a3757,AWAITING REVIEW,Not Applicable,2024-03-04T16:26:36Z,2024-03-04T16:29:35Z,NA,2024-03-04T16:29:35Z,179,C232A6J3,2374,Female,White,United States,United States,United States,English,DATA_EXPIRED,DATA_EXPIRED
2024-03-04 17:26:37,2024-03-04 17:29:31,0,69.255.82.86,100,173,1,2024-03-04 17:29:31,R_7mOXdSIifXztYVr,NA,NA,NA,NA,38.3523,-75.5386,anonymous,EN,1,I pay attention,NA,female,32,3,5bf008bec5260b0001d5a317,5,entom,basic,2,2,3,3,3,65e5f6168bedd849e61a3757,AWAITING REVIEW,Not Applicable,2024-03-04T16:26:36Z,2024-03-04T16:29:35Z,NA,2024-03-04T16:29:35Z,179,C232A6J3,2374,Female,White,United States,United States,United States,English,DATA_EXPIRED,DATA_EXPIRED
2024-03-04 17:27:56,2024-03-04 17:29:34,0,174.106.207.115,100,98,1,2024-03-04 17:29:35,R_3rjP6xn2PQ5Hqgu,NA,NA,NA,NA,34.7002,-77.134,anonymous,EN,1,I pay attention,NA,female,28,5,63d13bce0971871b9ff88f56,6,archeo,basic,2,4,5,4,5,65e5f683ac7438a9e9d2b19f,AWAITING REVIEW,Not Applicable,2024-03-04T16:27:50Z,2024-03-04T16:29:38Z,NA,2024-03-04T16:29:38Z,109,C232A6J3,2763,Female,White,United States,United States,United States,English,No,Other
2024-03-04 17:27:56,2024-03-04 17:29:34,0,174.106.207.115,100,98,1,2024-03-04 17:29:35,R_3rjP6xn2PQ5Hqgu,NA,NA,NA,NA,34.7002,-77.134,anonymous,EN,1,I pay attention,NA,female,28,5,63d13bce0971871b9ff88f56,6,entom,imp,5,3,4,5,3,65e5f683ac7438a9e9d2b19f,AWAITING REVIEW,Not Applicable,2024-03-04T16:27:50Z,2024-03-04T16:29:38Z,NA,2024-03-04T16:29:38Z,109,C232A6J3,2763,Female,White,United States,United States,United States,English,No,Other
2024-03-04 17:26:58,2024-03-04 17:29:54,0,172.59.168.216,100,176,1,2024-03-04 17:29:55,R_1gUA2YWYGae1A3v,NA,NA,NA,NA,38.7408,-90.337,anonymous,EN,1,I pay attention,NA,female,69,5,650d9650bb81532e8e16d578,7,archeo,basic,4,4,3,5,5,65e5f64b660c588026932866,AWAITING REVIEW,Not Applicable,2024-03-04T16:26:55Z,2024-03-04T16:29:57Z,NA,2024-03-04T16:29:58Z,183,C232A6J3,1111,Female,White,United States,United States,United States,English,No,"Not in paid work (e.g. homemaker', 'retired or disabled)"
2024-03-04 17:26:58,2024-03-04 17:29:54,0,172.59.168.216,100,176,1,2024-03-04 17:29:55,R_1gUA2YWYGae1A3v,NA,NA,NA,NA,38.7408,-90.337,anonymous,EN,1,I pay attention,NA,female,69,5,650d9650bb81532e8e16d578,7,entom,imp,5,1,5,5,3,65e5f64b660c588026932866,AWAITING REVIEW,Not Applicable,2024-03-04T16:26:55Z,2024-03-04T16:29:57Z,NA,2024-03-04T16:29:58Z,183,C232A6J3,1111,Female,White,United States,United States,United States,English,No,"Not in paid work (e.g. homemaker', 'retired or disabled)"
2024-03-04 17:25:54,2024-03-04 17:30:03,0,24.117.234.235,100,249,1,2024-03-04 17:30:04,R_7Grflrufl9a5xdL,NA,NA,NA,NA,43.5553,-111.8922,anonymous,EN,1,I pay attention,NA,female,54,5,6598524eff590951e558a42f,8,archeo,basic,2,3,3,3,4,65e5f60bf85105f743cb6095,AWAITING REVIEW,Not Applicable,2024-03-04T16:25:51Z,2024-03-04T16:30:06Z,NA,2024-03-04T16:30:06Z,255,C232A6J3,289,Female,White,United States,United States,United States,English,No,Part-Time
2024-03-04 17:25:54,2024-03-04 17:30:03,0,24.117.234.235,100,249,1,2024-03-04 17:30:04,R_7Grflrufl9a5xdL,NA,NA,NA,NA,43.5553,-111.8922,anonymous,EN,1,I pay attention,NA,female,54,5,6598524eff590951e558a42f,8,entom,imp,3,4,3,3,4,65e5f60bf85105f743cb6095,AWAITING REVIEW,Not Applicable,2024-03-04T16:25:51Z,2024-03-04T16:30:06Z,NA,2024-03-04T16:30:06Z,255,C232A6J3,289,Female,White,United States,United States,United States,English,No,Part-Time
2024-03-04 17:27:49,2024-03-04 17:30:09,0,67.198.38.226,100,140,1,2024-03-04 17:30:10,R_6zD4XPLgmksqs8l,NA,NA,NA,NA,30.1826,-97.7394,anonymous,EN,1,I pay attention,NA,female,26,5,6564c5d8d4ff42c7e3d04cf4,9,archeo,imp,3,3,2,2,4,65e5f67fdd7008cc2adad526,AWAITING REVIEW,Not Applicable,2024-03-04T16:27:46Z,2024-03-04T16:30:12Z,NA,2024-03-04T16:30:14Z,147,C232A6J3,743,Female,Asian,United States,United States,United States,English,No,Full-Time
2024-03-04 17:27:49,2024-03-04 17:30:09,0,67.198.38.226,100,140,1,2024-03-04 17:30:10,R_6zD4XPLgmksqs8l,NA,NA,NA,NA,30.1826,-97.7394,anonymous,EN,1,I pay attention,NA,female,26,5,6564c5d8d4ff42c7e3d04cf4,9,entom,basic,1,2,2,2,3,65e5f67fdd7008cc2adad526,AWAITING REVIEW,Not Applicable,2024-03-04T16:27:46Z,2024-03-04T16:30:12Z,NA,2024-03-04T16:30:14Z,147,C232A6J3,743,Female,Asian,United States,United States,United States,English,No,Full-Time
2024-03-04 17:29:09,2024-03-04 17:30:35,0,24.3.45.134,100,85,1,2024-03-04 17:30:35,R_3dmp9moiW8GD6W6,NA,NA,NA,NA,40.3695,-80.6348,anonymous,EN,1,I pay attention,NA,male,31,4,6384ec504af00dd4483f521e,10,archeo,basic,3,5,4,4,2,65e5f6b889cb5b196837521b,AWAITING REVIEW,Not Applicable,2024-03-04T16:28:46Z,2024-03-04T16:30:37Z,NA,2024-03-04T16:30:38Z,112,C232A6J3,1228,Male,White,United States,United States,United States,English,DATA_EXPIRED,DATA_EXPIRED
2024-03-04 17:29:09,2024-03-04 17:30:35,0,24.3.45.134,100,85,1,2024-03-04 17:30:35,R_3dmp9moiW8GD6W6,NA,NA,NA,NA,40.3695,-80.6348,anonymous,EN,1,I pay attention,NA,male,31,4,6384ec504af00dd4483f521e,10,entom,imp,3,4,3,3,4,65e5f6b889cb5b196837521b,AWAITING REVIEW,Not Applicable,2024-03-04T16:28:46Z,2024-03-04T16:30:37Z,NA,2024-03-04T16:30:38Z,112,C232A6J3,1228,Male,White,United States,United States,United States,English,DATA_EXPIRED,DATA_EXPIRED
2024-03-04 17:29:19,2024-03-04 17:30:50,0,67.87.40.9,100,91,1,2024-03-04 17:30:51,R_65MEogvkPrDlLCj,NA,NA,NA,NA,41.2153,-73.1233,anonymous,EN,1,I pay attention,NA,female,33,8,6548fabf4be86c20a6760275,11,archeo,basic,3,4,2,3,5,65e5f6dc37e98e5fd07a66ea,AWAITING REVIEW,Not Applicable,2024-03-04T16:29:18Z,2024-03-04T16:30:53Z,NA,2024-03-04T16:30:54Z,96,C232A6J3,754,Female,Mixed,Canada,United States,United States,English,No,Part-Time
2024-03-04 17:29:19,2024-03-04 17:30:50,0,67.87.40.9,100,91,1,2024-03-04 17:30:51,R_65MEogvkPrDlLCj,NA,NA,NA,NA,41.2153,-73.1233,anonymous,EN,1,I pay attention,NA,female,33,8,6548fabf4be86c20a6760275,11,entom,imp,4,5,4,4,5,65e5f6dc37e98e5fd07a66ea,AWAITING REVIEW,Not Applicable,2024-03-04T16:29:18Z,2024-03-04T16:30:53Z,NA,2024-03-04T16:30:54Z,96,C232A6J3,754,Female,Mixed,Canada,United States,United States,English,No,Part-Time
2024-03-04 17:26:42,2024-03-04 17:31:11,0,73.236.255.58,100,269,1,2024-03-04 17:31:12,R_617cOEB8nhbhGNP,NA,NA,NA,NA,40.1041,-80.6425,anonymous,EN,1,I pay attention,NA,female,45,5,62b9c2f1e55fe9f17dfedc5d,12,archeo,imp,3,2,3,3,3,65e5f6370f49abf7cec31429,AWAITING REVIEW,Not Applicable,2024-03-04T16:26:39Z,2024-03-04T16:31:16Z,NA,2024-03-04T16:31:17Z,278,C232A6J3,4115,Female,Black,United States,United States,United States,English,No,Unemployed (and job seeking)
2024-03-04 17:26:42,2024-03-04 17:31:11,0,73.236.255.58,100,269,1,2024-03-04 17:31:12,R_617cOEB8nhbhGNP,NA,NA,NA,NA,40.1041,-80.6425,anonymous,EN,1,I pay attention,NA,female,45,5,62b9c2f1e55fe9f17dfedc5d,12,entom,basic,2,2,2,3,3,65e5f6370f49abf7cec31429,AWAITING REVIEW,Not Applicable,2024-03-04T16:26:39Z,2024-03-04T16:31:16Z,NA,2024-03-04T16:31:17Z,278,C232A6J3,4115,Female,Black,United States,United States,United States,English,No,Unemployed (and job seeking)
2024-03-04 17:29:20,2024-03-04 17:31:26,0,73.141.87.2,100,126,1,2024-03-04 17:31:27,R_7GKbA6TGHBrMWu5,NA,NA,NA,NA,39.9206,-75.1826,anonymous,EN,1,I pay attention,NA,female,28,5,640feb5e49b723bcfaad6437,13,archeo,imp,3,4,4,5,4,65e5f6d9b79bf57e7ec13042,AWAITING REVIEW,Not Applicable,2024-03-04T16:29:18Z,2024-03-04T16:31:30Z,NA,2024-03-04T16:31:31Z,133,C232A6J3,1091,Female,White,United States,United States,United States,English,Yes,Part-Time
2024-03-04 17:29:20,2024-03-04 17:31:26,0,73.141.87.2,100,126,1,2024-03-04 17:31:27,R_7GKbA6TGHBrMWu5,NA,NA,NA,NA,39.9206,-75.1826,anonymous,EN,1,I pay attention,NA,female,28,5,640feb5e49b723bcfaad6437,13,entom,basic,2,2,2,2,4,65e5f6d9b79bf57e7ec13042,AWAITING REVIEW,Not Applicable,2024-03-04T16:29:18Z,2024-03-04T16:31:30Z,NA,2024-03-04T16:31:31Z,133,C232A6J3,1091,Female,White,United States,United States,United States,English,Yes,Part-Time
2024-03-04 17:27:12,2024-03-04 17:31:30,0,172.59.197.39,100,257,1,2024-03-04 17:31:31,R_1dxV3lgQ1TJxU4q,NA,NA,NA,NA,32.7368,-96.9068,anonymous,EN,1,I pay attention,NA,male,40,5,6547ae55eba4e6b1fffff79f,14,archeo,imp,2,4,4,4,4,65e5f65943fd9b24a5652178,AWAITING REVIEW,Not Applicable,2024-03-04T16:27:10Z,2024-03-04T16:31:34Z,NA,2024-03-04T16:31:34Z,264,C232A6J3,414,Male,White,United States,United States,United States,English,No,Part-Time
2024-03-04 17:27:12,2024-03-04 17:31:30,0,172.59.197.39,100,257,1,2024-03-04 17:31:31,R_1dxV3lgQ1TJxU4q,NA,NA,NA,NA,32.7368,-96.9068,anonymous,EN,1,I pay attention,NA,male,40,5,6547ae55eba4e6b1fffff79f,14,entom,basic,2,4,4,4,4,65e5f65943fd9b24a5652178,AWAITING REVIEW,Not Applicable,2024-03-04T16:27:10Z,2024-03-04T16:31:34Z,NA,2024-03-04T16:31:34Z,264,C232A6J3,414,Male,White,United States,United States,United States,English,No,Part-Time
2024-03-04 17:28:16,2024-03-04 17:31:36,0,68.194.211.95,100,199,1,2024-03-04 17:31:37,R_77wjSWcFpFHjxDP,NA,NA,NA,NA,40.8905,-74.0504,anonymous,EN,1,I pay attention,NA,female,24,6,65cb9f1379b270ce7eee6013,15,archeo,imp,2,4,4,4,4,65e5f6975e951267ac20e18c,AWAITING REVIEW,Not Applicable,2024-03-04T16:28:14Z,2024-03-04T16:31:40Z,NA,2024-03-04T16:31:41Z,207,C232A6J3,79,Female,Asian,United States,United States,United States,English,No,Unemployed (and job seeking)
2024-03-04 17:28:16,2024-03-04 17:31:36,0,68.194.211.95,100,199,1,2024-03-04 17:31:37,R_77wjSWcFpFHjxDP,NA,NA,NA,NA,40.8905,-74.0504,anonymous,EN,1,I pay attention,NA,female,24,6,65cb9f1379b270ce7eee6013,15,entom,basic,2,4,5,4,4,65e5f6975e951267ac20e18c,AWAITING REVIEW,Not Applicable,2024-03-04T16:28:14Z,2024-03-04T16:31:40Z,NA,2024-03-04T16:31:41Z,207,C232A6J3,79,Female,Asian,United States,United States,United States,English,No,Unemployed (and job seeking)
2024-03-04 17:27:40,2024-03-04 17:31:37,0,24.152.228.236,100,236,1,2024-03-04 17:31:37,R_7pSzCjZMXC5Ijzi,NA,NA,NA,NA,41.1849,-75.386,anonymous,EN,1,I pay attention,NA,female,31,5,60fdd725b2cd02db32f9c718,16,archeo,imp,4,3,3,3,4,65e5f67387bf1466f935ea13,AWAITING REVIEW,Not Applicable,2024-03-04T16:27:38Z,2024-03-04T16:31:40Z,NA,2024-03-04T16:31:40Z,242,C232A6J3,494,Female,White,United States,United States,United States,English,No,"Not in paid work (e.g. homemaker', 'retired or disabled)"
2024-03-04 17:27:40,2024-03-04 17:31:37,0,24.152.228.236,100,236,1,2024-03-04 17:31:37,R_7pSzCjZMXC5Ijzi,NA,NA,NA,NA,41.1849,-75.386,anonymous,EN,1,I pay attention,NA,female,31,5,60fdd725b2cd02db32f9c718,16,entom,basic,2,2,4,3,4,65e5f67387bf1466f935ea13,AWAITING REVIEW,Not Applicable,2024-03-04T16:27:38Z,2024-03-04T16:31:40Z,NA,2024-03-04T16:31:40Z,242,C232A6J3,494,Female,White,United States,United States,United States,English,No,"Not in paid work (e.g. homemaker', 'retired or disabled)"
2024-03-04 17:27:04,2024-03-04 17:31:42,0,172.58.240.115,100,278,1,2024-03-04 17:31:42,R_5LbZhBLwt9gjZN2,NA,NA,NA,NA,38.9057,-77.0319,anonymous,EN,1,I pay attention,NA,female,23,5,5e79b84d4633bc575ddb3812,17,archeo,basic,3,4,4,3,3,65e5f6498809bd962f8d8b94,AWAITING REVIEW,Not Applicable,2024-03-04T16:27:01Z,2024-03-04T16:31:46Z,NA,2024-03-04T16:31:46Z,285,C232A6J3,2428,Female,Black,United States,United States,United States,English,DATA_EXPIRED,DATA_EXPIRED
2024-03-04 17:27:04,2024-03-04 17:31:42,0,172.58.240.115,100,278,1,2024-03-04 17:31:42,R_5LbZhBLwt9gjZN2,NA,NA,NA,NA,38.9057,-77.0319,anonymous,EN,1,I pay attention,NA,female,23,5,5e79b84d4633bc575ddb3812,17,entom,imp,4,4,4,3,3,65e5f6498809bd962f8d8b94,AWAITING REVIEW,Not Applicable,2024-03-04T16:27:01Z,2024-03-04T16:31:46Z,NA,2024-03-04T16:31:46Z,285,C232A6J3,2428,Female,Black,United States,United States,United States,English,DATA_EXPIRED,DATA_EXPIRED
2024-03-04 17:29:34,2024-03-04 17:32:03,0,104.5.231.85,100,149,1,2024-03-04 17:32:04,R_6w1C73rjx4aK5Jn,NA,NA,NA,NA,41.1829,-80.7591,anonymous,EN,1,I pay attention,NA,female,36,5,5e09ffd8fa3d102a583771c1,18,archeo,imp,2,2,4,2,3,65e5f6ea4eaee3f08971fb82,AWAITING REVIEW,Not Applicable,2024-03-04T16:29:33Z,2024-03-04T16:32:05Z,NA,2024-03-04T16:32:06Z,153,C232A6J3,5435,Female,Mixed,United States,United States,United States,English,No,Full-Time
2024-03-04 17:29:34,2024-03-04 17:32:03,0,104.5.231.85,100,149,1,2024-03-04 17:32:04,R_6w1C73rjx4aK5Jn,NA,NA,NA,NA,41.1829,-80.7591,anonymous,EN,1,I pay attention,NA,female,36,5,5e09ffd8fa3d102a583771c1,18,entom,basic,1,1,2,2,5,65e5f6ea4eaee3f08971fb82,AWAITING REVIEW,Not Applicable,2024-03-04T16:29:33Z,2024-03-04T16:32:05Z,NA,2024-03-04T16:32:06Z,153,C232A6J3,5435,Female,Mixed,United States,United States,United States,English,No,Full-Time
2024-03-04 17:27:50,2024-03-04 17:32:04,0,108.233.142.53,100,253,1,2024-03-04 17:32:05,R_6F2nVnMFeXhYnHG,NA,NA,NA,NA,41.9032,-87.6383,anonymous,EN,1,I pay attention,NA,male,23,5,5ed1adc2906e0810d6ccccbf,19,archeo,basic,4,3,5,5,5,65e5f67f0c521e9ac24b2497,AWAITING REVIEW,Not Applicable,2024-03-04T16:27:49Z,2024-03-04T16:32:09Z,NA,2024-03-04T16:32:10Z,261,C232A6J3,2270,Male,Black,United States,United States,United States,English,No,Full-Time
2024-03-04 17:27:50,2024-03-04 17:32:04,0,108.233.142.53,100,253,1,2024-03-04 17:32:05,R_6F2nVnMFeXhYnHG,NA,NA,NA,NA,41.9032,-87.6383,anonymous,EN,1,I pay attention,NA,male,23,5,5ed1adc2906e0810d6ccccbf,19,entom,imp,5,5,5,5,5,65e5f67f0c521e9ac24b2497,AWAITING REVIEW,Not Applicable,2024-03-04T16:27:49Z,2024-03-04T16:32:09Z,NA,2024-03-04T16:32:10Z,261,C232A6J3,2270,Male,Black,United States,United States,United States,English,No,Full-Time
2024-03-04 17:29:02,2024-03-04 17:32:07,0,198.182.163.121,100,185,1,2024-03-04 17:32:08,R_5kS3MgVYyqaHqeW,NA,NA,NA,NA,44.3233,-69.7687,anonymous,EN,1,I pay attention,NA,male,48,5,62b5dd0fb9686d325c7d1f15,20,archeo,basic,2,1,2,3,4,65e5f6c970d2d33db2d2b327,AWAITING REVIEW,Not Applicable,2024-03-04T16:29:01Z,2024-03-04T16:32:10Z,NA,2024-03-04T16:32:11Z,190,C232A6J3,5048,Male,White,United States,United States,United States,English,No,Full-Time
2024-03-04 17:29:02,2024-03-04 17:32:07,0,198.182.163.121,100,185,1,2024-03-04 17:32:08,R_5kS3MgVYyqaHqeW,NA,NA,NA,NA,44.3233,-69.7687,anonymous,EN,1,I pay attention,NA,male,48,5,62b5dd0fb9686d325c7d1f15,20,entom,imp,4,4,3,3,4,65e5f6c970d2d33db2d2b327,AWAITING REVIEW,Not Applicable,2024-03-04T16:29:01Z,2024-03-04T16:32:10Z,NA,2024-03-04T16:32:11Z,190,C232A6J3,5048,Male,White,United States,United States,United States,English,No,Full-Time
2024-03-04 17:27:06,2024-03-04 17:32:14,0,75.142.137.148,100,307,1,2024-03-04 17:32:14,R_1D6fAOQ5jymTxwu,NA,NA,NA,NA,42.1921,-121.7233,anonymous,EN,1,I pay attention,NA,male,29,2,5c830a66d6a4d0000164097d,21,archeo,basic,3,3,4,4,4,65e5f654ac7438a9e9d2b193,AWAITING REVIEW,Not Applicable,2024-03-04T16:27:05Z,2024-03-04T16:32:16Z,NA,2024-03-04T16:32:16Z,312,C232A6J3,5561,Male,White,United States,United States,United States,English,DATA_EXPIRED,DATA_EXPIRED
2024-03-04 17:27:06,2024-03-04 17:32:14,0,75.142.137.148,100,307,1,2024-03-04 17:32:14,R_1D6fAOQ5jymTxwu,NA,NA,NA,NA,42.1921,-121.7233,anonymous,EN,1,I pay attention,NA,male,29,2,5c830a66d6a4d0000164097d,21,entom,imp,5,5,5,5,5,65e5f654ac7438a9e9d2b193,AWAITING REVIEW,Not Applicable,2024-03-04T16:27:05Z,2024-03-04T16:32:16Z,NA,2024-03-04T16:32:16Z,312,C232A6J3,5561,Male,White,United States,United States,United States,English,DATA_EXPIRED,DATA_EXPIRED
2024-03-04 17:28:54,2024-03-04 17:32:23,0,24.18.17.178,100,209,1,2024-03-04 17:32:24,R_1qxQga1h2b0R5Is,NA,NA,NA,NA,47.3236,-122.3187,anonymous,EN,1,I pay attention,NA,female,42,3,65cef87df7b0cb91a48bacb3,22,archeo,imp,3,3,3,3,3,65e5f6bd73b46fdb5697aebf,AWAITING REVIEW,Not Applicable,2024-03-04T16:28:50Z,2024-03-04T16:32:26Z,NA,2024-03-04T16:32:26Z,216,C232A6J3,61,Female,Asian,United States,United States,United States,English,No,DATA_EXPIRED
2024-03-04 17:28:54,2024-03-04 17:32:23,0,24.18.17.178,100,209,1,2024-03-04 17:32:24,R_1qxQga1h2b0R5Is,NA,NA,NA,NA,47.3236,-122.3187,anonymous,EN,1,I pay attention,NA,female,42,3,65cef87df7b0cb91a48bacb3,22,entom,basic,3,1,3,3,3,65e5f6bd73b46fdb5697aebf,AWAITING REVIEW,Not Applicable,2024-03-04T16:28:50Z,2024-03-04T16:32:26Z,NA,2024-03-04T16:32:26Z,216,C232A6J3,61,Female,Asian,United States,United States,United States,English,No,DATA_EXPIRED
2024-03-04 17:27:24,2024-03-04 17:32:36,0,70.187.141.166,100,311,1,2024-03-04 17:32:36,R_19CrgEUB6T59W1P,NA,NA,NA,NA,33.7671,-118.3814,anonymous,EN,1,I pay attention,NA,male,62,8,647fe69be349b78b571ecedd,23,archeo,imp,4,4,4,4,4,65e5f660dd7008cc2adad519,AWAITING REVIEW,Not Applicable,2024-03-04T16:27:21Z,2024-03-04T16:32:43Z,NA,2024-03-04T16:32:43Z,322,C232A6J3,1081,Male,White,United States,United States,United States,English,No,Full-Time
2024-03-04 17:27:24,2024-03-04 17:32:36,0,70.187.141.166,100,311,1,2024-03-04 17:32:36,R_19CrgEUB6T59W1P,NA,NA,NA,NA,33.7671,-118.3814,anonymous,EN,1,I pay attention,NA,male,62,8,647fe69be349b78b571ecedd,23,entom,basic,3,1,4,5,4,65e5f660dd7008cc2adad519,AWAITING REVIEW,Not Applicable,2024-03-04T16:27:21Z,2024-03-04T16:32:43Z,NA,2024-03-04T16:32:43Z,322,C232A6J3,1081,Male,White,United States,United States,United States,English,No,Full-Time
2024-03-04 17:30:25,2024-03-04 17:32:40,0,75.75.158.146,100,134,1,2024-03-04 17:32:40,R_1Hv1udUBn1W1G1O,NA,NA,NA,NA,41.4833,-75.7171,anonymous,EN,1,I pay attention,NA,female,36,3,5f117601aeef1d5095578b01,24,archeo,basic,3,4,3,3,4,65e5f71873b46fdb5697aee0,AWAITING REVIEW,Not Applicable,2024-03-04T16:30:24Z,2024-03-04T16:32:42Z,NA,2024-03-04T16:32:42Z,138,C232A6J3,1566,Female,White,United States,United States,United States,English,No,Unemployed (and job seeking)
2024-03-04 17:30:25,2024-03-04 17:32:40,0,75.75.158.146,100,134,1,2024-03-04 17:32:40,R_1Hv1udUBn1W1G1O,NA,NA,NA,NA,41.4833,-75.7171,anonymous,EN,1,I pay attention,NA,female,36,3,5f117601aeef1d5095578b01,24,entom,imp,4,1,3,4,4,65e5f71873b46fdb5697aee0,AWAITING REVIEW,Not Applicable,2024-03-04T16:30:24Z,2024-03-04T16:32:42Z,NA,2024-03-04T16:32:42Z,138,C232A6J3,1566,Female,White,United States,United States,United States,English,No,Unemployed (and job seeking)
2024-03-04 17:30:29,2024-03-04 17:32:58,0,138.88.107.32,100,149,1,2024-03-04 17:32:59,R_3mk4KsfMAbVL4Mu,NA,NA,NA,NA,38.8574,-77.1,anonymous,EN,1,I pay attention,NA,male,37,6,631bcfaa7faf35d3abb91cbc,25,archeo,imp,4,5,4,4,4,65e5f7203e7e5d2b96780229,AWAITING REVIEW,Not Applicable,2024-03-04T16:30:27Z,2024-03-04T16:33:01Z,NA,2024-03-04T16:33:01Z,154,C232A6J3,2505,Male,White,United States,United States,United States,English,No,Full-Time
2024-03-04 17:30:29,2024-03-04 17:32:58,0,138.88.107.32,100,149,1,2024-03-04 17:32:59,R_3mk4KsfMAbVL4Mu,NA,NA,NA,NA,38.8574,-77.1,anonymous,EN,1,I pay attention,NA,male,37,6,631bcfaa7faf35d3abb91cbc,25,entom,basic,3,4,4,4,5,65e5f7203e7e5d2b96780229,AWAITING REVIEW,Not Applicable,2024-03-04T16:30:27Z,2024-03-04T16:33:01Z,NA,2024-03-04T16:33:01Z,154,C232A6J3,2505,Male,White,United States,United States,United States,English,No,Full-Time
2024-03-04 17:32:03,2024-03-04 17:33:21,0,68.43.103.223,100,78,1,2024-03-04 17:33:23,R_3IAHexLFB4YIZTs,NA,NA,NA,NA,42.2523,-83.2107,anonymous,EN,1,I pay attention,NA,male,29,5,5b91dc16cc81a400017a3438,26,archeo,imp,5,4,4,5,4,65e5f774773bfd920df75a73,AWAITING REVIEW,Not Applicable,2024-03-04T16:32:01Z,2024-03-04T16:33:24Z,NA,2024-03-04T16:33:24Z,83,C232A6J3,6666,Male,White,United States,United States,United States,English,DATA_EXPIRED,DATA_EXPIRED
2024-03-04 17:32:03,2024-03-04 17:33:21,0,68.43.103.223,100,78,1,2024-03-04 17:33:23,R_3IAHexLFB4YIZTs,NA,NA,NA,NA,42.2523,-83.2107,anonymous,EN,1,I pay attention,NA,male,29,5,5b91dc16cc81a400017a3438,26,entom,basic,4,5,5,4,4,65e5f774773bfd920df75a73,AWAITING REVIEW,Not Applicable,2024-03-04T16:32:01Z,2024-03-04T16:33:24Z,NA,2024-03-04T16:33:24Z,83,C232A6J3,6666,Male,White,United States,United States,United States,English,DATA_EXPIRED,DATA_EXPIRED
2024-03-04 17:28:15,2024-03-04 17:33:23,0,24.254.205.200,100,308,1,2024-03-04 17:33:23,R_6NknS1jSnw1hnpm,NA,NA,NA,NA,36.8558,-76.0042,anonymous,EN,1,I pay attention,NA,male,66,2,5d65515bd08d610001eb40a6,27,archeo,imp,3,5,5,4,5,65e5f68f1e96345d986ebccf,AWAITING REVIEW,Not Applicable,2024-03-04T16:28:14Z,2024-03-04T16:33:26Z,NA,2024-03-04T16:33:27Z,313,C232A6J3,3123,Male,White,United States,United States,United States,English,DATA_EXPIRED,DATA_EXPIRED
2024-03-04 17:28:15,2024-03-04 17:33:23,0,24.254.205.200,100,308,1,2024-03-04 17:33:23,R_6NknS1jSnw1hnpm,NA,NA,NA,NA,36.8558,-76.0042,anonymous,EN,1,I pay attention,NA,male,66,2,5d65515bd08d610001eb40a6,27,entom,basic,2,3,3,3,3,65e5f68f1e96345d986ebccf,AWAITING REVIEW,Not Applicable,2024-03-04T16:28:14Z,2024-03-04T16:33:26Z,NA,2024-03-04T16:33:27Z,313,C232A6J3,3123,Male,White,United States,United States,United States,English,DATA_EXPIRED,DATA_EXPIRED
2024-03-04 17:29:07,2024-03-04 17:33:24,0,104.185.102.34,100,256,1,2024-03-04 17:33:24,R_1KkPhBhik704fu1,NA,NA,NA,NA,30.5305,-87.2738,anonymous,EN,1,I pay attention,NA,female,42,5,5c6071a1e1df700001ca8bf1,28,archeo,imp,4,4,5,5,5,65e5f6a92145f01e320778d8,AWAITING REVIEW,Not Applicable,2024-03-04T16:29:04Z,2024-03-04T16:33:25Z,NA,2024-03-04T16:33:26Z,261,C232A6J3,2791,Female,DATA_EXPIRED,United States,United States,United States,English,DATA_EXPIRED,DATA_EXPIRED
2024-03-04 17:29:07,2024-03-04 17:33:24,0,104.185.102.34,100,256,1,2024-03-04 17:33:24,R_1KkPhBhik704fu1,NA,NA,NA,NA,30.5305,-87.2738,anonymous,EN,1,I pay attention,NA,female,42,5,5c6071a1e1df700001ca8bf1,28,entom,basic,3,2,4,4,5,65e5f6a92145f01e320778d8,AWAITING REVIEW,Not Applicable,2024-03-04T16:29:04Z,2024-03-04T16:33:25Z,NA,2024-03-04T16:33:26Z,261,C232A6J3,2791,Female,DATA_EXPIRED,United States,United States,United States,English,DATA_EXPIRED,DATA_EXPIRED
2024-03-04 17:31:01,2024-03-04 17:33:26,0,147.0.180.246,100,144,1,2024-03-04 17:33:27,R_6EfWheYYtxl1ao5,NA,NA,NA,NA,41.4453,-81.6991,anonymous,EN,1,I pay attention,NA,female,28,2,5f2bf7aa253520000bfc83b6,29,archeo,basic,3,3,3,3,3,65e5f73cafd6dbb544e274d4,AWAITING REVIEW,Not Applicable,2024-03-04T16:30:58Z,2024-03-04T16:33:29Z,NA,2024-03-04T16:33:30Z,151,C232A6J3,6440,Female,White,United States,United States,United States,English,No,Full-Time
2024-03-04 17:31:01,2024-03-04 17:33:26,0,147.0.180.246,100,144,1,2024-03-04 17:33:27,R_6EfWheYYtxl1ao5,NA,NA,NA,NA,41.4453,-81.6991,anonymous,EN,1,I pay attention,NA,female,28,2,5f2bf7aa253520000bfc83b6,29,entom,imp,2,2,3,3,3,65e5f73cafd6dbb544e274d4,AWAITING REVIEW,Not Applicable,2024-03-04T16:30:58Z,2024-03-04T16:33:29Z,NA,2024-03-04T16:33:30Z,151,C232A6J3,6440,Female,White,United States,United States,United States,English,No,Full-Time
2024-03-04 17:30:23,2024-03-04 17:33:31,0,75.35.96.56,100,187,1,2024-03-04 17:33:31,R_6uTCCNSDNfFcCsh,NA,NA,NA,NA,35.5144,-97.5865,anonymous,EN,1,I pay attention,NA,female,62,3,5d37c0d61b03b5000151950b,30,archeo,imp,3,2,3,3,3,65e5f7167de4fbe73fd56fce,AWAITING REVIEW,Not Applicable,2024-03-04T16:30:20Z,2024-03-04T16:33:37Z,NA,2024-03-04T16:33:38Z,198,C232A6J3,1186,Female,White,United States,United States,United States,English,No,"Not in paid work (e.g. homemaker', 'retired or disabled)"
2024-03-04 17:30:23,2024-03-04 17:33:31,0,75.35.96.56,100,187,1,2024-03-04 17:33:31,R_6uTCCNSDNfFcCsh,NA,NA,NA,NA,35.5144,-97.5865,anonymous,EN,1,I pay attention,NA,female,62,3,5d37c0d61b03b5000151950b,30,entom,basic,5,1,5,5,5,65e5f7167de4fbe73fd56fce,AWAITING REVIEW,Not Applicable,2024-03-04T16:30:20Z,2024-03-04T16:33:37Z,NA,2024-03-04T16:33:38Z,198,C232A6J3,1186,Female,White,United States,United States,United States,English,No,"Not in paid work (e.g. homemaker', 'retired or disabled)"
2024-03-04 17:30:19,2024-03-04 17:33:31,0,50.171.136.135,100,191,1,2024-03-04 17:33:31,R_6NfPC341RuoBgTM,NA,NA,NA,NA,41.3727,-87.4802,anonymous,EN,1,I pay attention,NA,female,46,6,65805ebebd8b8e2730bdc0af,31,archeo,basic,4,3,3,3,4,65e5f705de1a27ed1b7a78a8,AWAITING REVIEW,Not Applicable,2024-03-04T16:30:13Z,2024-03-04T16:33:32Z,NA,2024-03-04T16:33:33Z,200,C232A6J3,606,Female,White,United States,United States,United States,English,No,Full-Time
2024-03-04 17:30:19,2024-03-04 17:33:31,0,50.171.136.135,100,191,1,2024-03-04 17:33:31,R_6NfPC341RuoBgTM,NA,NA,NA,NA,41.3727,-87.4802,anonymous,EN,1,I pay attention,NA,female,46,6,65805ebebd8b8e2730bdc0af,31,entom,imp,4,4,5,4,4,65e5f705de1a27ed1b7a78a8,AWAITING REVIEW,Not Applicable,2024-03-04T16:30:13Z,2024-03-04T16:33:32Z,NA,2024-03-04T16:33:33Z,200,C232A6J3,606,Female,White,United States,United States,United States,English,No,Full-Time
2024-03-04 17:28:53,2024-03-04 17:33:52,0,108.196.91.31,100,299,1,2024-03-04 17:33:53,R_1Kr9yjtHqvgmQl6,NA,NA,NA,NA,35.1063,-89.941,anonymous,EN,1,I pay attention,NA,male,44,3,5cbcfce214b3cb0015f03471,32,archeo,imp,4,3,3,3,2,65e5f6b95a7721b1b2e98a33,AWAITING REVIEW,Not Applicable,2024-03-04T16:28:46Z,2024-03-04T16:33:54Z,NA,2024-03-04T16:33:55Z,309,C232A6J3,7089,Male,White,United States,United States,United States,English,Yes,Full-Time
2024-03-04 17:28:53,2024-03-04 17:33:52,0,108.196.91.31,100,299,1,2024-03-04 17:33:53,R_1Kr9yjtHqvgmQl6,NA,NA,NA,NA,35.1063,-89.941,anonymous,EN,1,I pay attention,NA,male,44,3,5cbcfce214b3cb0015f03471,32,entom,basic,2,2,3,2,1,65e5f6b95a7721b1b2e98a33,AWAITING REVIEW,Not Applicable,2024-03-04T16:28:46Z,2024-03-04T16:33:54Z,NA,2024-03-04T16:33:55Z,309,C232A6J3,7089,Male,White,United States,United States,United States,English,Yes,Full-Time
2024-03-04 17:28:04,2024-03-04 17:34:00,0,76.137.226.83,100,356,1,2024-03-04 17:34:01,R_3TvgHMVZutKRcPh,NA,NA,NA,NA,38.0253,-121.3009,anonymous,EN,1,I pay attention,NA,female,32,4,5ee6be54321536000905346a,33,archeo,basic,1,2,1,3,3,65e5f68872cbba22101ed96e,AWAITING REVIEW,Not Applicable,2024-03-04T16:28:00Z,2024-03-04T16:34:08Z,NA,2024-03-04T16:34:08Z,369,C232A6J3,2047,Female,Mixed,United States,United States,United States,English,No,Part-Time
2024-03-04 17:28:04,2024-03-04 17:34:00,0,76.137.226.83,100,356,1,2024-03-04 17:34:01,R_3TvgHMVZutKRcPh,NA,NA,NA,NA,38.0253,-121.3009,anonymous,EN,1,I pay attention,NA,female,32,4,5ee6be54321536000905346a,33,entom,imp,3,2,3,3,5,65e5f68872cbba22101ed96e,AWAITING REVIEW,Not Applicable,2024-03-04T16:28:00Z,2024-03-04T16:34:08Z,NA,2024-03-04T16:34:08Z,369,C232A6J3,2047,Female,Mixed,United States,United States,United States,English,No,Part-Time
2024-03-04 17:32:49,2024-03-04 17:34:01,0,74.133.14.240,100,72,1,2024-03-04 17:34:01,R_3OIvDakRfRp4xRQ,NA,NA,NA,NA,40.1834,-83.0912,anonymous,EN,1,i pay attention,NA,male,23,5,65d6d2c4f35ede804f6f3004,34,archeo,basic,3,3,4,4,3,65e5f7ac6d47f8db38f1c183,AWAITING REVIEW,Not Applicable,2024-03-04T16:32:47Z,2024-03-04T16:34:03Z,NA,2024-03-04T16:34:04Z,77,C232A6J3,133,Male,White,United States,United States,United States,English,No,Full-Time
2024-03-04 17:32:49,2024-03-04 17:34:01,0,74.133.14.240,100,72,1,2024-03-04 17:34:01,R_3OIvDakRfRp4xRQ,NA,NA,NA,NA,40.1834,-83.0912,anonymous,EN,1,i pay attention,NA,male,23,5,65d6d2c4f35ede804f6f3004,34,entom,imp,4,4,4,4,4,65e5f7ac6d47f8db38f1c183,AWAITING REVIEW,Not Applicable,2024-03-04T16:32:47Z,2024-03-04T16:34:03Z,NA,2024-03-04T16:34:04Z,77,C232A6J3,133,Male,White,United States,United States,United States,English,No,Full-Time
2024-03-04 17:31:33,2024-03-04 17:34:02,0,98.38.246.173,100,149,1,2024-03-04 17:34:02,R_65Gh6VbDC2mwqPE,NA,NA,NA,NA,40.1216,-104.9461,anonymous,EN,1,I pay attention,NA,male,20,4,65b6abe8b71112daa56770d9,35,archeo,basic,3,4,4,4,4,65e5f75c10a6eee709e87051,AWAITING REVIEW,Not Applicable,2024-03-04T16:31:29Z,2024-03-04T16:34:05Z,NA,2024-03-04T16:34:05Z,156,C232A6J3,292,Male,White,United States,United States,United States,English,Yes,Part-Time
2024-03-04 17:31:33,2024-03-04 17:34:02,0,98.38.246.173,100,149,1,2024-03-04 17:34:02,R_65Gh6VbDC2mwqPE,NA,NA,NA,NA,40.1216,-104.9461,anonymous,EN,1,I pay attention,NA,male,20,4,65b6abe8b71112daa56770d9,35,entom,imp,3,1,4,4,3,65e5f75c10a6eee709e87051,AWAITING REVIEW,Not Applicable,2024-03-04T16:31:29Z,2024-03-04T16:34:05Z,NA,2024-03-04T16:34:05Z,156,C232A6J3,292,Male,White,United States,United States,United States,English,Yes,Part-Time
2024-03-04 17:30:18,2024-03-04 17:34:02,0,98.97.59.119,100,223,1,2024-03-04 17:34:02,R_3xRfPGETDD89xgu,NA,NA,NA,NA,34.0544,-118.2441,anonymous,EN,1,I pay attention,NA,female,26,2,6109e5a0f7755d8fcba8b50c,36,archeo,basic,2,4,3,3,5,65e5f714cb1ae66c2219295b,AWAITING REVIEW,Not Applicable,2024-03-04T16:30:16Z,2024-03-04T16:34:05Z,NA,2024-03-04T16:34:06Z,230,C232A6J3,3470,Female,White,United States,United States,United States,English,No,Other
2024-03-04 17:30:18,2024-03-04 17:34:02,0,98.97.59.119,100,223,1,2024-03-04 17:34:02,R_3xRfPGETDD89xgu,NA,NA,NA,NA,34.0544,-118.2441,anonymous,EN,1,I pay attention,NA,female,26,2,6109e5a0f7755d8fcba8b50c,36,entom,imp,4,5,4,3,5,65e5f714cb1ae66c2219295b,AWAITING REVIEW,Not Applicable,2024-03-04T16:30:16Z,2024-03-04T16:34:05Z,NA,2024-03-04T16:34:06Z,230,C232A6J3,3470,Female,White,United States,United States,United States,English,No,Other
2024-03-04 17:28:32,2024-03-04 17:34:10,0,73.149.46.116,100,338,1,2024-03-04 17:34:11,R_1zH33KQR8KysfMt,NA,NA,NA,NA,41.5538,-73.063,anonymous,EN,1,I pay attention,NA,female,60,5,6480bdf6d433e2e158870605,37,archeo,basic,3,5,3,3,4,65e5f6a4a0cb1ecde8780551,AWAITING REVIEW,Not Applicable,2024-03-04T16:28:29Z,2024-03-04T16:34:16Z,NA,2024-03-04T16:34:17Z,347,C232A6J3,1982,Female,White,United States,United States,United States,English,No,"Not in paid work (e.g. homemaker', 'retired or disabled)"
2024-03-04 17:28:32,2024-03-04 17:34:10,0,73.149.46.116,100,338,1,2024-03-04 17:34:11,R_1zH33KQR8KysfMt,NA,NA,NA,NA,41.5538,-73.063,anonymous,EN,1,I pay attention,NA,female,60,5,6480bdf6d433e2e158870605,37,entom,imp,4,5,3,3,4,65e5f6a4a0cb1ecde8780551,AWAITING REVIEW,Not Applicable,2024-03-04T16:28:29Z,2024-03-04T16:34:16Z,NA,2024-03-04T16:34:17Z,347,C232A6J3,1982,Female,White,United States,United States,United States,English,No,"Not in paid work (e.g. homemaker', 'retired or disabled)"
2024-03-04 17:30:43,2024-03-04 17:34:13,0,73.94.127.35,100,209,1,2024-03-04 17:34:13,R_3LTFJnyPfhYZPIX,NA,NA,NA,NA,44.9691,-93.2843,anonymous,EN,1,I pay attention,NA,male,36,3,65afcb27f5b821959d9ef2a0,38,archeo,basic,4,5,4,4,3,65e5f72d4fe53643653755bb,AWAITING REVIEW,Not Applicable,2024-03-04T16:30:42Z,2024-03-04T16:34:15Z,NA,2024-03-04T16:34:15Z,213,C232A6J3,191,Male,Other,United States,United States,United States,English,No,Full-Time
2024-03-04 17:30:43,2024-03-04 17:34:13,0,73.94.127.35,100,209,1,2024-03-04 17:34:13,R_3LTFJnyPfhYZPIX,NA,NA,NA,NA,44.9691,-93.2843,anonymous,EN,1,I pay attention,NA,male,36,3,65afcb27f5b821959d9ef2a0,38,entom,imp,4,1,3,4,3,65e5f72d4fe53643653755bb,AWAITING REVIEW,Not Applicable,2024-03-04T16:30:42Z,2024-03-04T16:34:15Z,NA,2024-03-04T16:34:15Z,213,C232A6J3,191,Male,Other,United States,United States,United States,English,No,Full-Time
2024-03-04 17:29:09,2024-03-04 17:34:13,0,75.164.133.101,100,304,1,2024-03-04 17:34:14,R_61WxZa5iytrsd11,NA,NA,NA,NA,45.5472,-122.6417,anonymous,EN,1,I pay attention,NA,female,56,5,65a2db4e9a411183fafb9f1a,39,archeo,imp,4,4,4,4,5,65e5f6c6de1a27ed1b7a7889,AWAITING REVIEW,Not Applicable,2024-03-04T16:29:07Z,2024-03-04T16:34:16Z,NA,2024-03-04T16:34:16Z,309,C232A6J3,190,Female,White,United States,United States,United States,English,No,Full-Time
2024-03-04 17:29:09,2024-03-04 17:34:13,0,75.164.133.101,100,304,1,2024-03-04 17:34:14,R_61WxZa5iytrsd11,NA,NA,NA,NA,45.5472,-122.6417,anonymous,EN,1,I pay attention,NA,female,56,5,65a2db4e9a411183fafb9f1a,39,entom,basic,3,1,5,5,5,65e5f6c6de1a27ed1b7a7889,AWAITING REVIEW,Not Applicable,2024-03-04T16:29:07Z,2024-03-04T16:34:16Z,NA,2024-03-04T16:34:16Z,309,C232A6J3,190,Female,White,United States,United States,United States,English,No,Full-Time
2024-03-04 17:32:11,2024-03-04 17:34:20,0,172.117.150.63,100,129,1,2024-03-04 17:34:20,R_3lK7qMGkanAvvm8,NA,NA,NA,NA,34.0032,-117.9617,anonymous,EN,1,I pay attention,NA,male,36,6,6555776099f743902858ed4b,40,archeo,basic,3,4,3,3,4,65e5f783a21db3bbe1cfa947,AWAITING REVIEW,Not Applicable,2024-03-04T16:32:07Z,2024-03-04T16:34:24Z,NA,2024-03-04T16:34:24Z,137,C232A6J3,797,Male,Asian,United States,United States,United States,English,No,Full-Time
2024-03-04 17:32:11,2024-03-04 17:34:20,0,172.117.150.63,100,129,1,2024-03-04 17:34:20,R_3lK7qMGkanAvvm8,NA,NA,NA,NA,34.0032,-117.9617,anonymous,EN,1,I pay attention,NA,male,36,6,6555776099f743902858ed4b,40,entom,imp,4,4,4,4,4,65e5f783a21db3bbe1cfa947,AWAITING REVIEW,Not Applicable,2024-03-04T16:32:07Z,2024-03-04T16:34:24Z,NA,2024-03-04T16:34:24Z,137,C232A6J3,797,Male,Asian,United States,United States,United States,English,No,Full-Time
2024-03-04 17:30:38,2024-03-04 17:34:20,0,73.68.240.22,100,222,1,2024-03-04 17:34:21,R_6kppYA89f0lrB97,NA,NA,NA,NA,42.6535,-71.6919,anonymous,EN,1,I pay attention,NA,male,31,5,614fbb4467c4c74f573a94d3,41,archeo,imp,5,4,4,5,4,65e5f7268809bd962f8d8bcd,AWAITING REVIEW,Not Applicable,2024-03-04T16:30:35Z,2024-03-04T16:34:24Z,NA,2024-03-04T16:34:24Z,229,C232A6J3,6586,Male,White,United States,United States,United States,English,No,DATA_EXPIRED
2024-03-04 17:30:38,2024-03-04 17:34:20,0,73.68.240.22,100,222,1,2024-03-04 17:34:21,R_6kppYA89f0lrB97,NA,NA,NA,NA,42.6535,-71.6919,anonymous,EN,1,I pay attention,NA,male,31,5,614fbb4467c4c74f573a94d3,41,entom,basic,4,5,4,4,5,65e5f7268809bd962f8d8bcd,AWAITING REVIEW,Not Applicable,2024-03-04T16:30:35Z,2024-03-04T16:34:24Z,NA,2024-03-04T16:34:24Z,229,C232A6J3,6586,Male,White,United States,United States,United States,English,No,DATA_EXPIRED
2024-03-04 17:30:38,2024-03-04 17:34:22,0,50.44.45.56,100,223,1,2024-03-04 17:34:22,R_3GHs7u2Yw3GjS49,NA,NA,NA,NA,39.7669,-88.8652,anonymous,EN,1,I pay attention,NA,male,31,5,65ca25d9495bbd05f7fbfb6c,42,archeo,imp,3,5,4,4,4,65e5f71042202a3cab06df4d,AWAITING REVIEW,Not Applicable,2024-03-04T16:30:29Z,2024-03-04T16:34:25Z,NA,2024-03-04T16:34:26Z,237,C232A6J3,175,Male,White,United States,United States,United States,English,No,Full-Time
2024-03-04 17:30:38,2024-03-04 17:34:22,0,50.44.45.56,100,223,1,2024-03-04 17:34:22,R_3GHs7u2Yw3GjS49,NA,NA,NA,NA,39.7669,-88.8652,anonymous,EN,1,I pay attention,NA,male,31,5,65ca25d9495bbd05f7fbfb6c,42,entom,basic,2,1,4,4,4,65e5f71042202a3cab06df4d,AWAITING REVIEW,Not Applicable,2024-03-04T16:30:29Z,2024-03-04T16:34:25Z,NA,2024-03-04T16:34:26Z,237,C232A6J3,175,Male,White,United States,United States,United States,English,No,Full-Time
2024-03-04 17:30:18,2024-03-04 17:34:26,0,73.137.122.164,100,247,1,2024-03-04 17:34:26,R_7789iyyczRiz6GG,NA,NA,NA,NA,33.9406,-83.9563,anonymous,EN,1,I pay attention,NA,female,42,5,5d75c56a52c89d0017df611c,43,archeo,imp,4,4,5,4,4,65e5f714b6229e32e0f510fe,AWAITING REVIEW,Not Applicable,2024-03-04T16:30:15Z,2024-03-04T16:34:30Z,NA,2024-03-04T16:34:31Z,256,C232A6J3,3039,Female,Black,United States,United States,United States,English,DATA_EXPIRED,DATA_EXPIRED
2024-03-04 17:30:18,2024-03-04 17:34:26,0,73.137.122.164,100,247,1,2024-03-04 17:34:26,R_7789iyyczRiz6GG,NA,NA,NA,NA,33.9406,-83.9563,anonymous,EN,1,I pay attention,NA,female,42,5,5d75c56a52c89d0017df611c,43,entom,basic,3,3,4,4,4,65e5f714b6229e32e0f510fe,AWAITING REVIEW,Not Applicable,2024-03-04T16:30:15Z,2024-03-04T16:34:30Z,NA,2024-03-04T16:34:31Z,256,C232A6J3,3039,Female,Black,United States,United States,United States,English,DATA_EXPIRED,DATA_EXPIRED
2024-03-04 17:30:49,2024-03-04 17:34:31,0,107.4.156.22,100,221,1,2024-03-04 17:34:31,R_37IN19l6JTr5khf,NA,NA,NA,NA,44.9056,-93.3352,anonymous,EN,1,I pay attention,NA,female,52,3,651af02f06091a654b0a0940,44,archeo,imp,3,3,3,3,4,65e5f73373b46fdb5697aef9,AWAITING REVIEW,Not Applicable,2024-03-04T16:30:47Z,2024-03-04T16:34:34Z,NA,2024-03-04T16:34:35Z,228,C232A6J3,287,Female,White,United States,United States,United States,English,No,Unemployed (and job seeking)
2024-03-04 17:30:49,2024-03-04 17:34:31,0,107.4.156.22,100,221,1,2024-03-04 17:34:31,R_37IN19l6JTr5khf,NA,NA,NA,NA,44.9056,-93.3352,anonymous,EN,1,I pay attention,NA,female,52,3,651af02f06091a654b0a0940,44,entom,basic,3,2,3,3,4,65e5f73373b46fdb5697aef9,AWAITING REVIEW,Not Applicable,2024-03-04T16:30:47Z,2024-03-04T16:34:34Z,NA,2024-03-04T16:34:35Z,228,C232A6J3,287,Female,White,United States,United States,United States,English,No,Unemployed (and job seeking)
2024-03-04 17:28:28,2024-03-04 17:34:32,0,174.31.66.130,100,363,1,2024-03-04 17:34:33,R_7chw2QGesI4Uf9n,NA,NA,NA,NA,47.617,-117.361,anonymous,EN,1,I pay attention,NA,male,55,5,656b9fe2848e68e0b05440f2,45,archeo,imp,3,3,3,3,5,65e5f6a547342acc50b2f754,AWAITING REVIEW,Not Applicable,2024-03-04T16:28:26Z,2024-03-04T16:34:34Z,NA,2024-03-04T16:34:35Z,369,C232A6J3,638,Male,White,United States,United States,United States,English,No,Unemployed (and job seeking)
2024-03-04 17:28:28,2024-03-04 17:34:32,0,174.31.66.130,100,363,1,2024-03-04 17:34:33,R_7chw2QGesI4Uf9n,NA,NA,NA,NA,47.617,-117.361,anonymous,EN,1,I pay attention,NA,male,55,5,656b9fe2848e68e0b05440f2,45,entom,basic,2,1,3,3,5,65e5f6a547342acc50b2f754,AWAITING REVIEW,Not Applicable,2024-03-04T16:28:26Z,2024-03-04T16:34:34Z,NA,2024-03-04T16:34:35Z,369,C232A6J3,638,Male,White,United States,United States,United States,English,No,Unemployed (and job seeking)
2024-03-04 17:31:59,2024-03-04 17:34:34,0,76.124.224.156,100,155,1,2024-03-04 17:34:35,R_3wNbARUv5zOV1SF,NA,NA,NA,NA,40.1792,-75.1506,anonymous,EN,1,I pay attention,NA,male,23,5,612682ec747ac2d5df40f7df,46,archeo,imp,2,2,4,3,2,65e5f778773bfd920df75a78,AWAITING REVIEW,Not Applicable,2024-03-04T16:31:57Z,2024-03-04T16:34:38Z,NA,2024-03-04T16:34:38Z,161,C232A6J3,1820,Male,Other,United States,United States,United States,English,DATA_EXPIRED,DATA_EXPIRED
2024-03-04 17:31:59,2024-03-04 17:34:34,0,76.124.224.156,100,155,1,2024-03-04 17:34:35,R_3wNbARUv5zOV1SF,NA,NA,NA,NA,40.1792,-75.1506,anonymous,EN,1,I pay attention,NA,male,23,5,612682ec747ac2d5df40f7df,46,entom,basic,1,2,2,3,4,65e5f778773bfd920df75a78,AWAITING REVIEW,Not Applicable,2024-03-04T16:31:57Z,2024-03-04T16:34:38Z,NA,2024-03-04T16:34:38Z,161,C232A6J3,1820,Male,Other,United States,United States,United States,English,DATA_EXPIRED,DATA_EXPIRED
2024-03-04 17:31:42,2024-03-04 17:34:40,0,70.107.201.97,100,177,1,2024-03-04 17:34:40,R_3eh5BkpuUQs99Ks,NA,NA,NA,NA,40.6295,-74.0938,anonymous,EN,1,I pay attention,NA,male,43,5,562cfb97733ea0000a162a0b,47,archeo,imp,2,3,3,3,4,65e5f767b79bf57e7ec13082,AWAITING REVIEW,Not Applicable,2024-03-04T16:31:40Z,2024-03-04T16:34:45Z,NA,2024-03-04T16:34:45Z,185,C232A6J3,382,Male,White,United States,United States,United States,English,No,Full-Time
2024-03-04 17:31:42,2024-03-04 17:34:40,0,70.107.201.97,100,177,1,2024-03-04 17:34:40,R_3eh5BkpuUQs99Ks,NA,NA,NA,NA,40.6295,-74.0938,anonymous,EN,1,I pay attention,NA,male,43,5,562cfb97733ea0000a162a0b,47,entom,basic,1,1,3,3,5,65e5f767b79bf57e7ec13082,AWAITING REVIEW,Not Applicable,2024-03-04T16:31:40Z,2024-03-04T16:34:45Z,NA,2024-03-04T16:34:45Z,185,C232A6J3,382,Male,White,United States,United States,United States,English,No,Full-Time
2024-03-04 17:31:08,2024-03-04 17:34:45,0,156.99.66.28,100,216,1,2024-03-04 17:34:45,R_6XjZmvckIHQKcAF,NA,NA,NA,NA,44.9548,-93.1551,anonymous,EN,1,I pay attention,NA,male,62,5,5fa17ddeabc188288bde81c8,48,archeo,basic,2,3,3,3,4,65e5f74434a16377a2707569,AWAITING REVIEW,Not Applicable,2024-03-04T16:31:03Z,2024-03-04T16:34:47Z,NA,2024-03-04T16:34:47Z,224,C232A6J3,4105,Male,White,United States,United States,United States,English,No,Full-Time
2024-03-04 17:31:08,2024-03-04 17:34:45,0,156.99.66.28,100,216,1,2024-03-04 17:34:45,R_6XjZmvckIHQKcAF,NA,NA,NA,NA,44.9548,-93.1551,anonymous,EN,1,I pay attention,NA,male,62,5,5fa17ddeabc188288bde81c8,48,entom,imp,2,3,3,3,4,65e5f74434a16377a2707569,AWAITING REVIEW,Not Applicable,2024-03-04T16:31:03Z,2024-03-04T16:34:47Z,NA,2024-03-04T16:34:47Z,224,C232A6J3,4105,Male,White,United States,United States,United States,English,No,Full-Time
2024-03-04 17:34:10,2024-03-04 17:34:49,0,168.184.84.46,100,38,1,2024-03-04 17:34:49,R_7xE1v3T0Oz6lao8,NA,NA,NA,NA,28.5788,-81.4396,anonymous,EN,1,I pay attention,NA,female,22,5,60ff22df15c00d73553b58e7,49,archeo,basic,4,3,4,5,5,65e5f7fcc8014268692e3c41,AWAITING REVIEW,Not Applicable,2024-03-04T16:34:09Z,2024-03-04T16:34:52Z,NA,2024-03-04T16:34:53Z,44,C232A6J3,326,Female,White,United States,United States,United States,English,Yes,Full-Time
2024-03-04 17:34:10,2024-03-04 17:34:49,0,168.184.84.46,100,38,1,2024-03-04 17:34:49,R_7xE1v3T0Oz6lao8,NA,NA,NA,NA,28.5788,-81.4396,anonymous,EN,1,I pay attention,NA,female,22,5,60ff22df15c00d73553b58e7,49,entom,imp,4,4,5,4,4,65e5f7fcc8014268692e3c41,AWAITING REVIEW,Not Applicable,2024-03-04T16:34:09Z,2024-03-04T16:34:52Z,NA,2024-03-04T16:34:53Z,44,C232A6J3,326,Female,White,United States,United States,United States,English,Yes,Full-Time
2024-03-04 17:29:14,2024-03-04 17:35:08,0,73.235.13.155,100,354,1,2024-03-04 17:35:09,R_6Xb7zlt7JGV9Ezw,NA,NA,NA,NA,36.7539,-119.7085,anonymous,EN,1,i pay attention,NA,male,28,5,655f91f987dc5be942a60570,50,archeo,basic,5,5,5,5,4,65e5f6c0c3453b2312ea7e7c,AWAITING REVIEW,Not Applicable,2024-03-04T16:29:06Z,2024-03-04T16:35:21Z,NA,2024-03-04T16:35:22Z,376,C232A6J3,340,Male,Black,United States,United States,United States,English,No,Full-Time
2024-03-04 17:29:14,2024-03-04 17:35:08,0,73.235.13.155,100,354,1,2024-03-04 17:35:09,R_6Xb7zlt7JGV9Ezw,NA,NA,NA,NA,36.7539,-119.7085,anonymous,EN,1,i pay attention,NA,male,28,5,655f91f987dc5be942a60570,50,entom,imp,4,4,4,4,4,65e5f6c0c3453b2312ea7e7c,AWAITING REVIEW,Not Applicable,2024-03-04T16:29:06Z,2024-03-04T16:35:21Z,NA,2024-03-04T16:35:22Z,376,C232A6J3,340,Male,Black,United States,United States,United States,English,No,Full-Time
2024-03-04 17:33:03,2024-03-04 17:35:10,0,107.12.132.202,100,126,1,2024-03-04 17:35:10,R_66lsyfQriCN5j9C,NA,NA,NA,NA,34.777,-77.3769,anonymous,EN,1,I pay attention,NA,female,23,4,65e06e1afd0e69944d5b97ab,51,archeo,basic,5,5,5,5,5,65e5f7bac8014268692e3c2b,AWAITING REVIEW,Not Applicable,2024-03-04T16:33:02Z,2024-03-04T16:35:11Z,NA,2024-03-04T16:35:12Z,130,C232A6J3,17,Female,Asian,Vietnam,United States,United States,English,No,Unemployed (and job seeking)
2024-03-04 17:33:03,2024-03-04 17:35:10,0,107.12.132.202,100,126,1,2024-03-04 17:35:10,R_66lsyfQriCN5j9C,NA,NA,NA,NA,34.777,-77.3769,anonymous,EN,1,I pay attention,NA,female,23,4,65e06e1afd0e69944d5b97ab,51,entom,imp,4,5,5,4,5,65e5f7bac8014268692e3c2b,AWAITING REVIEW,Not Applicable,2024-03-04T16:33:02Z,2024-03-04T16:35:11Z,NA,2024-03-04T16:35:12Z,130,C232A6J3,17,Female,Asian,Vietnam,United States,United States,English,No,Unemployed (and job seeking)
2024-03-04 17:34:21,2024-03-04 17:35:40,0,96.230.93.149,100,79,1,2024-03-04 17:35:40,R_1pCWYZoV8CzFd2F,NA,NA,NA,NA,42.0215,-71.2188,anonymous,EN,1,I pay attention,NA,male,37,5,65369762d18c2ba5bc604afc,52,archeo,basic,4,4,3,4,3,65e5f80b1e96345d986ebd63,AWAITING REVIEW,Not Applicable,2024-03-04T16:34:19Z,2024-03-04T16:35:44Z,NA,2024-03-04T16:35:45Z,86,C232A6J3,1174,Male,White,United States,United States,United States,English,No,Full-Time
2024-03-04 17:34:21,2024-03-04 17:35:40,0,96.230.93.149,100,79,1,2024-03-04 17:35:40,R_1pCWYZoV8CzFd2F,NA,NA,NA,NA,42.0215,-71.2188,anonymous,EN,1,I pay attention,NA,male,37,5,65369762d18c2ba5bc604afc,52,entom,imp,4,2,3,4,3,65e5f80b1e96345d986ebd63,AWAITING REVIEW,Not Applicable,2024-03-04T16:34:19Z,2024-03-04T16:35:44Z,NA,2024-03-04T16:35:45Z,86,C232A6J3,1174,Male,White,United States,United States,United States,English,No,Full-Time
2024-03-04 17:28:45,2024-03-04 17:35:51,0,174.245.88.109,100,426,1,2024-03-04 17:35:53,R_1no1rzREvkH1xFY,NA,NA,NA,NA,35.2916,-80.8201,anonymous,EN,1,I pay attention,NA,female,60,4,64dd46fcf7fb55813db2e703,53,archeo,basic,3,5,5,5,5,65e5f6b344869eb727f5121a,AWAITING REVIEW,Not Applicable,2024-03-04T16:28:40Z,2024-03-04T16:35:55Z,NA,2024-03-04T16:35:56Z,435,C232A6J3,459,Female,White,United States,United States,United States,English,No,Other
2024-03-04 17:28:45,2024-03-04 17:35:51,0,174.245.88.109,100,426,1,2024-03-04 17:35:53,R_1no1rzREvkH1xFY,NA,NA,NA,NA,35.2916,-80.8201,anonymous,EN,1,I pay attention,NA,female,60,4,64dd46fcf7fb55813db2e703,53,entom,imp,2,4,5,5,5,65e5f6b344869eb727f5121a,AWAITING REVIEW,Not Applicable,2024-03-04T16:28:40Z,2024-03-04T16:35:55Z,NA,2024-03-04T16:35:56Z,435,C232A6J3,459,Female,White,United States,United States,United States,English,No,Other
2024-03-04 17:34:06,2024-03-04 17:36:06,0,71.228.108.150,100,119,1,2024-03-04 17:36:06,R_3hLSRrIqPjKwjx4,NA,NA,NA,NA,32.5847,-106.7728,anonymous,EN,1,I pay attention,NA,female,45,3,6272892b05043371638ee032,54,archeo,imp,3,4,4,4,4,65e5f7f688816036cee5be8d,AWAITING REVIEW,Not Applicable,2024-03-04T16:34:04Z,2024-03-04T16:36:09Z,NA,2024-03-04T16:36:10Z,126,C232A6J3,1775,Female,White,United States,United States,United States,English,No,Full-Time
2024-03-04 17:34:06,2024-03-04 17:36:06,0,71.228.108.150,100,119,1,2024-03-04 17:36:06,R_3hLSRrIqPjKwjx4,NA,NA,NA,NA,32.5847,-106.7728,anonymous,EN,1,I pay attention,NA,female,45,3,6272892b05043371638ee032,54,entom,basic,3,3,4,4,4,65e5f7f688816036cee5be8d,AWAITING REVIEW,Not Applicable,2024-03-04T16:34:04Z,2024-03-04T16:36:09Z,NA,2024-03-04T16:36:10Z,126,C232A6J3,1775,Female,White,United States,United States,United States,English,No,Full-Time
2024-03-04 17:33:33,2024-03-04 17:36:11,0,107.221.220.83,100,157,1,2024-03-04 17:36:11,R_68FFNBKDv1lRMNM,NA,NA,NA,NA,27.9697,-80.6486,anonymous,EN,1,I pay attention,NA,male,53,6,63d8352e4565d58f6e88cf09,55,archeo,imp,1,5,3,3,5,65e5f7d13108833352c13271,AWAITING REVIEW,Not Applicable,2024-03-04T16:33:27Z,2024-03-04T16:36:13Z,NA,2024-03-04T16:36:14Z,167,C232A6J3,2843,Male,White,United States,United States,United States,English,DATA_EXPIRED,DATA_EXPIRED
2024-03-04 17:33:33,2024-03-04 17:36:11,0,107.221.220.83,100,157,1,2024-03-04 17:36:11,R_68FFNBKDv1lRMNM,NA,NA,NA,NA,27.9697,-80.6486,anonymous,EN,1,I pay attention,NA,male,53,6,63d8352e4565d58f6e88cf09,55,entom,basic,2,5,3,3,5,65e5f7d13108833352c13271,AWAITING REVIEW,Not Applicable,2024-03-04T16:33:27Z,2024-03-04T16:36:13Z,NA,2024-03-04T16:36:14Z,167,C232A6J3,2843,Male,White,United States,United States,United States,English,DATA_EXPIRED,DATA_EXPIRED
2024-03-04 17:34:05,2024-03-04 17:36:13,0,67.250.169.154,100,127,1,2024-03-04 17:36:13,R_7wwqRf7YrmPODGp,NA,NA,NA,NA,40.726,-73.848,anonymous,EN,1,I pay attention,NA,female,20,3,65ca3e7cadd05f164402ca13,56,archeo,basic,4,3,3,4,3,65e5f7f7b79bf57e7ec130ee,AWAITING REVIEW,Not Applicable,2024-03-04T16:34:02Z,2024-03-04T16:36:17Z,NA,2024-03-04T16:36:18Z,135,C232A6J3,193,Female,Asian,United States,United States,United States,English,Yes,DATA_EXPIRED
2024-03-04 17:34:05,2024-03-04 17:36:13,0,67.250.169.154,100,127,1,2024-03-04 17:36:13,R_7wwqRf7YrmPODGp,NA,NA,NA,NA,40.726,-73.848,anonymous,EN,1,I pay attention,NA,female,20,3,65ca3e7cadd05f164402ca13,56,entom,imp,4,4,4,4,3,65e5f7f7b79bf57e7ec130ee,AWAITING REVIEW,Not Applicable,2024-03-04T16:34:02Z,2024-03-04T16:36:17Z,NA,2024-03-04T16:36:18Z,135,C232A6J3,193,Female,Asian,United States,United States,United States,English,Yes,DATA_EXPIRED
2024-03-04 17:34:25,2024-03-04 17:36:17,0,68.110.12.203,100,112,1,2024-03-04 17:36:17,R_5IYJdEDYQrQaYuR,NA,NA,NA,NA,33.6194,-111.9556,anonymous,EN,1,I pay attention,NA,male,27,5,61363ce02e6022a741d63a6e,57,archeo,imp,2,3,3,3,3,65e5f8095031b393eb0bbbf4,AWAITING REVIEW,Not Applicable,2024-03-04T16:34:23Z,2024-03-04T16:36:24Z,NA,2024-03-04T16:36:24Z,121,C232A6J3,3369,Male,White,United States,United States,United States,English,No,Full-Time
2024-03-04 17:34:25,2024-03-04 17:36:17,0,68.110.12.203,100,112,1,2024-03-04 17:36:17,R_5IYJdEDYQrQaYuR,NA,NA,NA,NA,33.6194,-111.9556,anonymous,EN,1,I pay attention,NA,male,27,5,61363ce02e6022a741d63a6e,57,entom,basic,2,4,3,4,4,65e5f8095031b393eb0bbbf4,AWAITING REVIEW,Not Applicable,2024-03-04T16:34:23Z,2024-03-04T16:36:24Z,NA,2024-03-04T16:36:24Z,121,C232A6J3,3369,Male,White,United States,United States,United States,English,No,Full-Time
2024-03-04 17:34:23,2024-03-04 17:36:18,0,107.211.58.177,100,115,1,2024-03-04 17:36:19,R_7S2rEE68x7rsZ1v,NA,NA,NA,NA,29.3959,-98.4761,anonymous,EN,1,I pay attention,NA,male,33,3,5c475608cae0ab000188cb6e,58,archeo,basic,2,4,3,3,4,65e5f7fdde1a27ed1b7a791b,AWAITING REVIEW,Not Applicable,2024-03-04T16:34:20Z,2024-03-04T16:36:21Z,NA,2024-03-04T16:36:22Z,121,C232A6J3,1544,Male,Other,United States,United States,United States,English,No,Part-Time
2024-03-04 17:34:23,2024-03-04 17:36:18,0,107.211.58.177,100,115,1,2024-03-04 17:36:19,R_7S2rEE68x7rsZ1v,NA,NA,NA,NA,29.3959,-98.4761,anonymous,EN,1,I pay attention,NA,male,33,3,5c475608cae0ab000188cb6e,58,entom,imp,3,4,3,4,2,65e5f7fdde1a27ed1b7a791b,AWAITING REVIEW,Not Applicable,2024-03-04T16:34:20Z,2024-03-04T16:36:21Z,NA,2024-03-04T16:36:22Z,121,C232A6J3,1544,Male,Other,United States,United States,United States,English,No,Part-Time
2024-03-04 17:32:59,2024-03-04 17:36:21,0,73.3.89.56,100,201,1,2024-03-04 17:36:21,R_3OJaVxkAHj2RjHp,NA,NA,NA,NA,41.0396,-111.9361,anonymous,EN,1,I pay attention,NA,female,50,3,5ef6308c40846d2dfca0b66a,59,archeo,imp,4,4,4,4,3,65e5f7b837e98e5fd07a6726,AWAITING REVIEW,Not Applicable,2024-03-04T16:32:56Z,2024-03-04T16:36:24Z,NA,2024-03-04T16:36:25Z,208,C232A6J3,1838,Female,White,United States,United States,United States,English,No,"Not in paid work (e.g. homemaker', 'retired or disabled)"
2024-03-04 17:32:59,2024-03-04 17:36:21,0,73.3.89.56,100,201,1,2024-03-04 17:36:21,R_3OJaVxkAHj2RjHp,NA,NA,NA,NA,41.0396,-111.9361,anonymous,EN,1,I pay attention,NA,female,50,3,5ef6308c40846d2dfca0b66a,59,entom,basic,4,5,4,4,2,65e5f7b837e98e5fd07a6726,AWAITING REVIEW,Not Applicable,2024-03-04T16:32:56Z,2024-03-04T16:36:24Z,NA,2024-03-04T16:36:25Z,208,C232A6J3,1838,Female,White,United States,United States,United States,English,No,"Not in paid work (e.g. homemaker', 'retired or disabled)"
2024-03-04 17:34:04,2024-03-04 17:36:24,0,98.204.144.186,100,139,1,2024-03-04 17:36:25,R_7ewT7SWoY4c67CC,NA,NA,NA,NA,39.4114,-77.2823,anonymous,EN,1,I pay attention,NA,female,59,5,63c3068bd61c16717eeea2e5,60,archeo,imp,3,4,4,5,5,65e5f7f65031b393eb0bbbe9,AWAITING REVIEW,Not Applicable,2024-03-04T16:34:03Z,2024-03-04T16:36:28Z,NA,2024-03-04T16:36:29Z,146,C232A6J3,2380,Female,White,United States,United States,United States,English,No,Part-Time
2024-03-04 17:34:04,2024-03-04 17:36:24,0,98.204.144.186,100,139,1,2024-03-04 17:36:25,R_7ewT7SWoY4c67CC,NA,NA,NA,NA,39.4114,-77.2823,anonymous,EN,1,I pay attention,NA,female,59,5,63c3068bd61c16717eeea2e5,60,entom,basic,3,4,4,4,5,65e5f7f65031b393eb0bbbe9,AWAITING REVIEW,Not Applicable,2024-03-04T16:34:03Z,2024-03-04T16:36:28Z,NA,2024-03-04T16:36:29Z,146,C232A6J3,2380,Female,White,United States,United States,United States,English,No,Part-Time
2024-03-04 17:29:10,2024-03-04 17:36:29,0,100.16.232.203,100,438,1,2024-03-04 17:36:29,R_1l5iVkDTqJJz5hT,NA,NA,NA,NA,39.211,-76.8362,anonymous,EN,1,I pay attention,NA,female,36,5,65c10d7553231f9c3e54fd2d,61,archeo,basic,3,4,4,4,5,65e5f6d2770591970c0bb079,AWAITING REVIEW,Not Applicable,2024-03-04T16:29:09Z,2024-03-04T16:36:31Z,NA,2024-03-04T16:36:32Z,443,C232A6J3,245,Female,Black,United States,United States,United States,English,No,Full-Time
2024-03-04 17:29:10,2024-03-04 17:36:29,0,100.16.232.203,100,438,1,2024-03-04 17:36:29,R_1l5iVkDTqJJz5hT,NA,NA,NA,NA,39.211,-76.8362,anonymous,EN,1,I pay attention,NA,female,36,5,65c10d7553231f9c3e54fd2d,61,entom,imp,4,4,4,5,5,65e5f6d2770591970c0bb079,AWAITING REVIEW,Not Applicable,2024-03-04T16:29:09Z,2024-03-04T16:36:31Z,NA,2024-03-04T16:36:32Z,443,C232A6J3,245,Female,Black,United States,United States,United States,English,No,Full-Time
2024-03-04 17:34:06,2024-03-04 17:36:32,0,73.173.86.235,100,145,1,2024-03-04 17:36:32,R_3RvRFgPpI0X499v,NA,NA,NA,NA,38.5177,-76.7813,anonymous,EN,1,I pay attention,NA,female,24,2,6304b7a752adde130e57bddf,62,archeo,imp,3,4,5,5,4,65e5f7f52fe41fa45406e569,AWAITING REVIEW,Not Applicable,2024-03-04T16:34:04Z,2024-03-04T16:36:38Z,NA,2024-03-04T16:36:39Z,155,C232A6J3,2953,Female,White,United States,United States,United States,English,No,DATA_EXPIRED
2024-03-04 17:34:06,2024-03-04 17:36:32,0,73.173.86.235,100,145,1,2024-03-04 17:36:32,R_3RvRFgPpI0X499v,NA,NA,NA,NA,38.5177,-76.7813,anonymous,EN,1,I pay attention,NA,female,24,2,6304b7a752adde130e57bddf,62,entom,basic,2,1,2,3,3,65e5f7f52fe41fa45406e569,AWAITING REVIEW,Not Applicable,2024-03-04T16:34:04Z,2024-03-04T16:36:38Z,NA,2024-03-04T16:36:39Z,155,C232A6J3,2953,Female,White,United States,United States,United States,English,No,DATA_EXPIRED
2024-03-04 17:28:33,2024-03-04 17:36:37,0,47.227.233.46,100,483,1,2024-03-04 17:36:37,R_12y7e2FoZcfFh3w,NA,NA,NA,NA,39.968,-86.0853,anonymous,EN,1,I pay attention,NA,female,44,3,5639a8adbe9cac000daaa30f,63,archeo,basic,3,4,3,3,4,65e5f6ac4af22b464d753c34,AWAITING REVIEW,Not Applicable,2024-03-04T16:28:32Z,2024-03-04T16:36:39Z,NA,2024-03-04T16:36:40Z,487,C232A6J3,3473,Female,White,United States,United States,United States,English,No,Full-Time
2024-03-04 17:28:33,2024-03-04 17:36:37,0,47.227.233.46,100,483,1,2024-03-04 17:36:37,R_12y7e2FoZcfFh3w,NA,NA,NA,NA,39.968,-86.0853,anonymous,EN,1,I pay attention,NA,female,44,3,5639a8adbe9cac000daaa30f,63,entom,imp,5,5,5,5,4,65e5f6ac4af22b464d753c34,AWAITING REVIEW,Not Applicable,2024-03-04T16:28:32Z,2024-03-04T16:36:39Z,NA,2024-03-04T16:36:40Z,487,C232A6J3,3473,Female,White,United States,United States,United States,English,No,Full-Time
2024-03-04 17:27:05,2024-03-04 17:36:42,0,172.56.29.38,100,576,1,2024-03-04 17:36:42,R_5n3kIOnOW3ViGoM,NA,NA,NA,NA,39.9597,-75.1995,anonymous,EN,1,I pay attention,NA,female,32,2,63ea4735e283a1670ea382f4,64,archeo,basic,3,3,3,3,4,65e5f64fafebe24d27da4380,AWAITING REVIEW,Not Applicable,2024-03-04T16:27:02Z,2024-03-04T16:36:45Z,NA,2024-03-04T16:36:46Z,583,C232A6J3,1286,Female,White,United States,United States,United States,English,No,"Not in paid work (e.g. homemaker', 'retired or disabled)"
2024-03-04 17:27:05,2024-03-04 17:36:42,0,172.56.29.38,100,576,1,2024-03-04 17:36:42,R_5n3kIOnOW3ViGoM,NA,NA,NA,NA,39.9597,-75.1995,anonymous,EN,1,I pay attention,NA,female,32,2,63ea4735e283a1670ea382f4,64,entom,imp,4,4,4,4,4,65e5f64fafebe24d27da4380,AWAITING REVIEW,Not Applicable,2024-03-04T16:27:02Z,2024-03-04T16:36:45Z,NA,2024-03-04T16:36:46Z,583,C232A6J3,1286,Female,White,United States,United States,United States,English,No,"Not in paid work (e.g. homemaker', 'retired or disabled)"
2024-03-04 17:34:03,2024-03-04 17:36:47,0,97.97.50.179,100,163,1,2024-03-04 17:36:47,R_72FFz19k6l3Ssnb,NA,NA,NA,NA,28.2949,-82.6391,anonymous,EN,1,I pay attention,NA,female,70,4,5de5496937e1d50ca63e0fa5,65,archeo,imp,3,4,4,4,5,65e5f7f45cc8e775d7913dd4,AWAITING REVIEW,Not Applicable,2024-03-04T16:34:01Z,2024-03-04T16:36:50Z,NA,2024-03-04T16:36:50Z,169,C232A6J3,5272,Female,White,United States,United States,United States,English,No,Full-Time
2024-03-04 17:34:03,2024-03-04 17:36:47,0,97.97.50.179,100,163,1,2024-03-04 17:36:47,R_72FFz19k6l3Ssnb,NA,NA,NA,NA,28.2949,-82.6391,anonymous,EN,1,I pay attention,NA,female,70,4,5de5496937e1d50ca63e0fa5,65,entom,basic,2,4,3,3,5,65e5f7f45cc8e775d7913dd4,AWAITING REVIEW,Not Applicable,2024-03-04T16:34:01Z,2024-03-04T16:36:50Z,NA,2024-03-04T16:36:50Z,169,C232A6J3,5272,Female,White,United States,United States,United States,English,No,Full-Time
2024-03-04 17:34:12,2024-03-04 17:36:55,0,107.4.216.243,100,163,1,2024-03-04 17:36:56,R_7LcixwHU6zLnnwG,NA,NA,NA,NA,45.2377,-93.2765,anonymous,EN,1,I pay attention.,NA,female,55,4,65031f68de6e940396216f8a,66,archeo,imp,3,4,4,4,4,65e5f7fe5b0803d77c6cf1c8,AWAITING REVIEW,Not Applicable,2024-03-04T16:34:10Z,2024-03-04T16:36:58Z,NA,2024-03-04T16:36:59Z,169,C232A6J3,1390,Female,White,United States,United States,United States,English,No,Part-Time
2024-03-04 17:34:12,2024-03-04 17:36:55,0,107.4.216.243,100,163,1,2024-03-04 17:36:56,R_7LcixwHU6zLnnwG,NA,NA,NA,NA,45.2377,-93.2765,anonymous,EN,1,I pay attention.,NA,female,55,4,65031f68de6e940396216f8a,66,entom,basic,4,4,4,4,3,65e5f7fe5b0803d77c6cf1c8,AWAITING REVIEW,Not Applicable,2024-03-04T16:34:10Z,2024-03-04T16:36:58Z,NA,2024-03-04T16:36:59Z,169,C232A6J3,1390,Female,White,United States,United States,United States,English,No,Part-Time
2024-03-04 17:31:55,2024-03-04 17:37:04,0,50.159.223.30,100,308,1,2024-03-04 17:37:04,R_3f4bGOURjoXil3f,NA,NA,NA,NA,36.2082,-115.2957,anonymous,EN,1,I pay attention,NA,female,60,4,65a2eae2b530fad7d6ded313,67,archeo,imp,4,4,4,4,3,65e5f76e5ba6ac0520388a8f,AWAITING REVIEW,Not Applicable,2024-03-04T16:31:50Z,2024-03-04T16:37:09Z,NA,2024-03-04T16:37:10Z,319,C232A6J3,299,Female,White,United States,United States,United States,English,No,Part-Time
2024-03-04 17:31:55,2024-03-04 17:37:04,0,50.159.223.30,100,308,1,2024-03-04 17:37:04,R_3f4bGOURjoXil3f,NA,NA,NA,NA,36.2082,-115.2957,anonymous,EN,1,I pay attention,NA,female,60,4,65a2eae2b530fad7d6ded313,67,entom,basic,4,1,4,4,3,65e5f76e5ba6ac0520388a8f,AWAITING REVIEW,Not Applicable,2024-03-04T16:31:50Z,2024-03-04T16:37:09Z,NA,2024-03-04T16:37:10Z,319,C232A6J3,299,Female,White,United States,United States,United States,English,No,Part-Time
2024-03-04 17:30:59,2024-03-04 17:37:07,0,73.127.242.201,100,368,1,2024-03-04 17:37:08,R_1YgFtNZCqTW7n3K,NA,NA,NA,NA,35.141,-106.711,anonymous,EN,1,I pay attention,NA,female,42,6,6500778a612e846e3b7a5cac,68,archeo,imp,4,3,4,3,4,65e5f73985f512aeefe12d04,AWAITING REVIEW,Not Applicable,2024-03-04T16:30:54Z,2024-03-04T16:37:10Z,NA,2024-03-04T16:37:11Z,377,C232A6J3,1106,Female,Asian,United States,United States,United States,English,No,"Not in paid work (e.g. homemaker', 'retired or disabled)"
2024-03-04 17:30:59,2024-03-04 17:37:07,0,73.127.242.201,100,368,1,2024-03-04 17:37:08,R_1YgFtNZCqTW7n3K,NA,NA,NA,NA,35.141,-106.711,anonymous,EN,1,I pay attention,NA,female,42,6,6500778a612e846e3b7a5cac,68,entom,basic,1,1,3,3,4,65e5f73985f512aeefe12d04,AWAITING REVIEW,Not Applicable,2024-03-04T16:30:54Z,2024-03-04T16:37:10Z,NA,2024-03-04T16:37:11Z,377,C232A6J3,1106,Female,Asian,United States,United States,United States,English,No,"Not in paid work (e.g. homemaker', 'retired or disabled)"
2024-03-04 17:34:35,2024-03-04 17:37:13,0,67.245.218.160,100,158,1,2024-03-04 17:37:14,R_6D6IKntJJGg0Uhw,NA,NA,NA,NA,41.7218,-74.4141,anonymous,EN,1,I pay attention,NA,male,23,3,650ee274aa4447ac435b7830,69,archeo,basic,3,5,5,5,4,65e5f800e3d4f05d4e71fb5e,AWAITING REVIEW,Not Applicable,2024-03-04T16:34:33Z,2024-03-04T16:37:19Z,NA,2024-03-04T16:37:20Z,166,C232A6J3,506,Male,White,United States,United States,United States,English,Yes,Part-Time
2024-03-04 17:34:35,2024-03-04 17:37:13,0,67.245.218.160,100,158,1,2024-03-04 17:37:14,R_6D6IKntJJGg0Uhw,NA,NA,NA,NA,41.7218,-74.4141,anonymous,EN,1,I pay attention,NA,male,23,3,650ee274aa4447ac435b7830,69,entom,imp,5,5,5,5,4,65e5f800e3d4f05d4e71fb5e,AWAITING REVIEW,Not Applicable,2024-03-04T16:34:33Z,2024-03-04T16:37:19Z,NA,2024-03-04T16:37:20Z,166,C232A6J3,506,Male,White,United States,United States,United States,English,Yes,Part-Time
2024-03-04 17:34:24,2024-03-04 17:37:16,0,72.80.116.225,100,172,1,2024-03-04 17:37:16,R_7FA65WOIeWLD5h1,NA,NA,NA,NA,40.5978,-74.0001,anonymous,EN,1,I pay attention,NA,male,37,5,558fff05fdf99b3f7aada357,70,archeo,imp,3,4,1,3,4,65e5f804d30080973c97ae1d,AWAITING REVIEW,Not Applicable,2024-03-04T16:34:15Z,2024-03-04T16:37:18Z,NA,2024-03-04T16:37:19Z,183,C232A6J3,6315,Male,Asian,United States,United States,United States,English,DATA_EXPIRED,DATA_EXPIRED
2024-03-04 17:34:24,2024-03-04 17:37:16,0,72.80.116.225,100,172,1,2024-03-04 17:37:16,R_7FA65WOIeWLD5h1,NA,NA,NA,NA,40.5978,-74.0001,anonymous,EN,1,I pay attention,NA,male,37,5,558fff05fdf99b3f7aada357,70,entom,basic,2,3,1,3,4,65e5f804d30080973c97ae1d,AWAITING REVIEW,Not Applicable,2024-03-04T16:34:15Z,2024-03-04T16:37:18Z,NA,2024-03-04T16:37:19Z,183,C232A6J3,6315,Male,Asian,United States,United States,United States,English,DATA_EXPIRED,DATA_EXPIRED
2024-03-04 17:34:08,2024-03-04 17:37:18,0,174.162.82.35,100,189,1,2024-03-04 17:37:18,R_5cvYmVGqM7aS2cq,NA,NA,NA,NA,42.2385,-83.1783,anonymous,EN,1,I pay attention,NA,male,29,2,5685850c333cbd000d4e042f,71,archeo,basic,2,3,3,3,5,65e5f7f8298d7204171eda38,AWAITING REVIEW,Not Applicable,2024-03-04T16:34:06Z,2024-03-04T16:37:21Z,NA,2024-03-04T16:37:22Z,195,C232A6J3,5392,Male,White,United States,United States,United States,English,No,Unemployed (and job seeking)
2024-03-04 17:34:08,2024-03-04 17:37:18,0,174.162.82.35,100,189,1,2024-03-04 17:37:18,R_5cvYmVGqM7aS2cq,NA,NA,NA,NA,42.2385,-83.1783,anonymous,EN,1,I pay attention,NA,male,29,2,5685850c333cbd000d4e042f,71,entom,imp,4,5,5,5,4,65e5f7f8298d7204171eda38,AWAITING REVIEW,Not Applicable,2024-03-04T16:34:06Z,2024-03-04T16:37:21Z,NA,2024-03-04T16:37:22Z,195,C232A6J3,5392,Male,White,United States,United States,United States,English,No,Unemployed (and job seeking)
2024-03-04 17:34:11,2024-03-04 17:37:19,0,72.221.61.224,100,187,1,2024-03-04 17:37:19,R_5Ei15wgo6Rkjhob,NA,NA,NA,NA,35.4563,-94.3298,anonymous,EN,1,I pay attention,NA,female,45,3,65e388e996fa56c247bc1c98,72,archeo,imp,3,3,3,3,4,65e5f7fd10a6eee709e87091,AWAITING REVIEW,Not Applicable,2024-03-04T16:34:09Z,2024-03-04T16:37:21Z,NA,2024-03-04T16:37:22Z,192,C232A6J3,22,Female,White,United States,United States,United States,English,No,Full-Time
2024-03-04 17:34:11,2024-03-04 17:37:19,0,72.221.61.224,100,187,1,2024-03-04 17:37:19,R_5Ei15wgo6Rkjhob,NA,NA,NA,NA,35.4563,-94.3298,anonymous,EN,1,I pay attention,NA,female,45,3,65e388e996fa56c247bc1c98,72,entom,basic,3,1,3,3,4,65e5f7fd10a6eee709e87091,AWAITING REVIEW,Not Applicable,2024-03-04T16:34:09Z,2024-03-04T16:37:21Z,NA,2024-03-04T16:37:22Z,192,C232A6J3,22,Female,White,United States,United States,United States,English,No,Full-Time
2024-03-04 17:33:58,2024-03-04 17:37:32,0,76.128.223.158,100,213,1,2024-03-04 17:37:32,R_3Gi45zKznwE1xSN,NA,NA,NA,NA,26.6371,-80.0841,anonymous,EN,1,I pay attention,NA,female,72,2,5b757a03976ecb0001b1168f,73,archeo,basic,1,3,3,2,4,65e5f6d7ea3e2ceccdb550fc,AWAITING REVIEW,Not Applicable,2024-03-04T16:33:55Z,2024-03-04T16:37:35Z,NA,2024-03-04T16:37:35Z,220,C232A6J3,4597,Female,White,United States,United States,United States,English,No,"Not in paid work (e.g. homemaker', 'retired or disabled)"
2024-03-04 17:33:58,2024-03-04 17:37:32,0,76.128.223.158,100,213,1,2024-03-04 17:37:32,R_3Gi45zKznwE1xSN,NA,NA,NA,NA,26.6371,-80.0841,anonymous,EN,1,I pay attention,NA,female,72,2,5b757a03976ecb0001b1168f,73,entom,imp,4,4,4,4,4,65e5f6d7ea3e2ceccdb550fc,AWAITING REVIEW,Not Applicable,2024-03-04T16:33:55Z,2024-03-04T16:37:35Z,NA,2024-03-04T16:37:35Z,220,C232A6J3,4597,Female,White,United States,United States,United States,English,No,"Not in paid work (e.g. homemaker', 'retired or disabled)"
2024-03-04 17:34:12,2024-03-04 17:37:46,0,98.213.51.164,100,213,1,2024-03-04 17:37:46,R_31jOiSCYVPxpo7P,NA,NA,NA,NA,42.055,-87.6951,anonymous,EN,1,I pay attention,NA,female,26,6,6129cc7a565c9c03752802fa,74,archeo,imp,3,3,4,4,4,65e5f7fd6cfa65d99f388965,AWAITING REVIEW,Not Applicable,2024-03-04T16:34:10Z,2024-03-04T16:37:51Z,NA,2024-03-04T16:37:51Z,221,C232A6J3,2264,Female,Mixed,Canada,United States,United States,English,Yes,Full-Time
2024-03-04 17:34:12,2024-03-04 17:37:46,0,98.213.51.164,100,213,1,2024-03-04 17:37:46,R_31jOiSCYVPxpo7P,NA,NA,NA,NA,42.055,-87.6951,anonymous,EN,1,I pay attention,NA,female,26,6,6129cc7a565c9c03752802fa,74,entom,basic,4,4,5,5,3,65e5f7fd6cfa65d99f388965,AWAITING REVIEW,Not Applicable,2024-03-04T16:34:10Z,2024-03-04T16:37:51Z,NA,2024-03-04T16:37:51Z,221,C232A6J3,2264,Female,Mixed,Canada,United States,United States,English,Yes,Full-Time
2024-03-04 17:32:41,2024-03-04 17:37:47,0,172.59.220.62,100,306,1,2024-03-04 17:37:47,R_62EaZU6bLSIDFu1,NA,NA,NA,NA,35.2296,-80.843,anonymous,EN,1,I pay attention,NA,female,42,6,63b6c18f4f13282703357493,75,archeo,imp,4,5,5,5,4,65e5f7a3d6fc4fd464e55230,AWAITING REVIEW,Not Applicable,2024-03-04T16:32:38Z,2024-03-04T16:37:50Z,NA,2024-03-04T16:37:51Z,313,C232A6J3,3342,Female,White,United States,United States,United States,English,DATA_EXPIRED,Full-Time
2024-03-04 17:32:41,2024-03-04 17:37:47,0,172.59.220.62,100,306,1,2024-03-04 17:37:47,R_62EaZU6bLSIDFu1,NA,NA,NA,NA,35.2296,-80.843,anonymous,EN,1,I pay attention,NA,female,42,6,63b6c18f4f13282703357493,75,entom,basic,2,2,2,3,3,65e5f7a3d6fc4fd464e55230,AWAITING REVIEW,Not Applicable,2024-03-04T16:32:38Z,2024-03-04T16:37:50Z,NA,2024-03-04T16:37:51Z,313,C232A6J3,3342,Female,White,United States,United States,United States,English,DATA_EXPIRED,Full-Time
2024-03-04 17:32:30,2024-03-04 17:38:09,0,174.67.145.104,100,339,1,2024-03-04 17:38:10,R_5ZWlXX4KIH6DwSB,NA,NA,NA,NA,36.1724,-115.0677,anonymous,EN,1,I pay attention,NA,female,47,6,65612a45629022b7c905ef6c,76,archeo,basic,3,2,3,3,3,65e5f78f88816036cee5be5b,AWAITING REVIEW,Not Applicable,2024-03-04T16:32:23Z,2024-03-04T16:38:22Z,NA,2024-03-04T16:38:23Z,360,C232A6J3,625,Female,Black,United States,United States,United States,English,No,Unemployed (and job seeking)
2024-03-04 17:32:30,2024-03-04 17:38:09,0,174.67.145.104,100,339,1,2024-03-04 17:38:10,R_5ZWlXX4KIH6DwSB,NA,NA,NA,NA,36.1724,-115.0677,anonymous,EN,1,I pay attention,NA,female,47,6,65612a45629022b7c905ef6c,76,entom,imp,4,4,4,3,3,65e5f78f88816036cee5be5b,AWAITING REVIEW,Not Applicable,2024-03-04T16:32:23Z,2024-03-04T16:38:22Z,NA,2024-03-04T16:38:23Z,360,C232A6J3,625,Female,Black,United States,United States,United States,English,No,Unemployed (and job seeking)
2024-03-04 17:34:53,2024-03-04 17:38:11,0,174.101.36.103,100,197,1,2024-03-04 17:38:11,R_6KowV4RawCleTel,NA,NA,NA,NA,39.4522,-83.841,anonymous,EN,1,I pay attention,NA,male,34,2,5d951ede9b6f880018f63b6e,77,archeo,basic,3,3,3,3,3,65e5f80244869eb727f512ac,AWAITING REVIEW,Not Applicable,2024-03-04T16:34:51Z,2024-03-04T16:38:14Z,NA,2024-03-04T16:38:15Z,204,C232A6J3,4322,Male,White,United States,United States,United States,English,DATA_EXPIRED,DATA_EXPIRED
2024-03-04 17:34:53,2024-03-04 17:38:11,0,174.101.36.103,100,197,1,2024-03-04 17:38:11,R_6KowV4RawCleTel,NA,NA,NA,NA,39.4522,-83.841,anonymous,EN,1,I pay attention,NA,male,34,2,5d951ede9b6f880018f63b6e,77,entom,imp,4,5,3,5,5,65e5f80244869eb727f512ac,AWAITING REVIEW,Not Applicable,2024-03-04T16:34:51Z,2024-03-04T16:38:14Z,NA,2024-03-04T16:38:15Z,204,C232A6J3,4322,Male,White,United States,United States,United States,English,DATA_EXPIRED,DATA_EXPIRED
2024-03-04 17:30:04,2024-03-04 17:38:19,0,172.56.83.5,100,495,1,2024-03-04 17:38:20,R_7fqpMIjtBQxfnfY,NA,NA,NA,NA,33.5594,-112.0902,anonymous,EN,1,I pay attention,NA,male,35,5,613929236e3092c6bad219ab,78,archeo,basic,5,5,5,5,5,65e5f70207eaac3217fe1afa,AWAITING REVIEW,Not Applicable,2024-03-04T16:30:02Z,2024-03-04T16:38:32Z,NA,2024-03-04T16:38:33Z,511,C232A6J3,1944,Male,White,United States,United States,United States,English,No,Full-Time
2024-03-04 17:30:04,2024-03-04 17:38:19,0,172.56.83.5,100,495,1,2024-03-04 17:38:20,R_7fqpMIjtBQxfnfY,NA,NA,NA,NA,33.5594,-112.0902,anonymous,EN,1,I pay attention,NA,male,35,5,613929236e3092c6bad219ab,78,entom,imp,5,3,5,5,5,65e5f70207eaac3217fe1afa,AWAITING REVIEW,Not Applicable,2024-03-04T16:30:02Z,2024-03-04T16:38:32Z,NA,2024-03-04T16:38:33Z,511,C232A6J3,1944,Male,White,United States,United States,United States,English,No,Full-Time
2024-03-04 17:32:22,2024-03-04 17:38:20,0,152.179.222.138,100,357,1,2024-03-04 17:38:20,R_3cfohmVLZu6loGZ,NA,NA,NA,NA,40.0043,-76.8601,anonymous,EN,1,I pay attention,NA,male,29,2,65d7a34d9a6cedc191769855,79,archeo,imp,4,5,3,3,4,65e5f78b0d9a8286e779e456,AWAITING REVIEW,Not Applicable,2024-03-04T16:32:20Z,2024-03-04T16:38:22Z,NA,2024-03-04T16:38:23Z,363,C232A6J3,141,Male,Black,United States,United States,United States,English,No,Full-Time
2024-03-04 17:32:22,2024-03-04 17:38:20,0,152.179.222.138,100,357,1,2024-03-04 17:38:20,R_3cfohmVLZu6loGZ,NA,NA,NA,NA,40.0043,-76.8601,anonymous,EN,1,I pay attention,NA,male,29,2,65d7a34d9a6cedc191769855,79,entom,basic,1,1,3,3,5,65e5f78b0d9a8286e779e456,AWAITING REVIEW,Not Applicable,2024-03-04T16:32:20Z,2024-03-04T16:38:22Z,NA,2024-03-04T16:38:23Z,363,C232A6J3,141,Male,Black,United States,United States,United States,English,No,Full-Time
2024-03-04 17:34:11,2024-03-04 17:38:28,0,69.195.39.103,100,257,1,2024-03-04 17:38:32,R_7G7Xtx2itVYCf0T,NA,NA,NA,NA,43.1234,-77.7334,anonymous,EN,1,I pay attention,NA,male,28,2,5fc2c97b862e3e4297a36895,80,archeo,basic,3,4,3,4,5,65e5f7faab3daa5167ac8654,AWAITING REVIEW,Not Applicable,2024-03-04T16:34:07Z,2024-03-04T16:38:34Z,NA,2024-03-04T16:38:34Z,267,C232A6J3,1692,Male,White,United States,United States,United States,English,No,Full-Time
2024-03-04 17:34:11,2024-03-04 17:38:28,0,69.195.39.103,100,257,1,2024-03-04 17:38:32,R_7G7Xtx2itVYCf0T,NA,NA,NA,NA,43.1234,-77.7334,anonymous,EN,1,I pay attention,NA,male,28,2,5fc2c97b862e3e4297a36895,80,entom,imp,2,4,5,4,4,65e5f7faab3daa5167ac8654,AWAITING REVIEW,Not Applicable,2024-03-04T16:34:07Z,2024-03-04T16:38:34Z,NA,2024-03-04T16:38:34Z,267,C232A6J3,1692,Male,White,United States,United States,United States,English,No,Full-Time
2024-03-04 17:33:54,2024-03-04 17:38:32,0,208.196.103.209,100,277,1,2024-03-04 17:38:32,R_6DcqYBVbXP97jeO,NA,NA,NA,NA,37.751,-97.822,anonymous,EN,1,I pay attention,NA,female,26,5,5fd0ebb69497b30008547502,81,archeo,basic,4,5,4,5,4,65e5f7e6f9f8081d355819c6,AWAITING REVIEW,Not Applicable,2024-03-04T16:33:48Z,2024-03-04T16:38:44Z,NA,2024-03-04T16:38:45Z,296,C232A6J3,3261,Female,Black,United States,United States,United States,English,No,Full-Time
2024-03-04 17:33:54,2024-03-04 17:38:32,0,208.196.103.209,100,277,1,2024-03-04 17:38:32,R_6DcqYBVbXP97jeO,NA,NA,NA,NA,37.751,-97.822,anonymous,EN,1,I pay attention,NA,female,26,5,5fd0ebb69497b30008547502,81,entom,imp,5,3,4,5,3,65e5f7e6f9f8081d355819c6,AWAITING REVIEW,Not Applicable,2024-03-04T16:33:48Z,2024-03-04T16:38:44Z,NA,2024-03-04T16:38:45Z,296,C232A6J3,3261,Female,Black,United States,United States,United States,English,No,Full-Time
2024-03-04 17:32:36,2024-03-04 17:38:48,0,98.198.194.63,100,371,1,2024-03-04 17:38:48,R_7chGWYvuXVNw5KO,NA,NA,NA,NA,29.7679,-94.9724,anonymous,EN,1,I pay attention,NA,male,38,5,5c1053202b16ba0001c86317,82,archeo,imp,2,3,3,3,4,65e5f74fafebe24d27da43ef,AWAITING REVIEW,Not Applicable,2024-03-04T16:31:15Z,2024-03-04T16:38:50Z,NA,2024-03-04T16:38:50Z,455,C232A6J3,6018,Male,Black,United States,United States,United States,English,DATA_EXPIRED,Full-Time
2024-03-04 17:32:36,2024-03-04 17:38:48,0,98.198.194.63,100,371,1,2024-03-04 17:38:48,R_7chGWYvuXVNw5KO,NA,NA,NA,NA,29.7679,-94.9724,anonymous,EN,1,I pay attention,NA,male,38,5,5c1053202b16ba0001c86317,82,entom,basic,3,2,4,4,4,65e5f74fafebe24d27da43ef,AWAITING REVIEW,Not Applicable,2024-03-04T16:31:15Z,2024-03-04T16:38:50Z,NA,2024-03-04T16:38:50Z,455,C232A6J3,6018,Male,Black,United States,United States,United States,English,DATA_EXPIRED,Full-Time
2024-03-04 17:34:12,2024-03-04 17:39:03,0,71.223.65.251,100,290,1,2024-03-04 17:39:03,R_7bOd2sHk4XovOeJ,NA,NA,NA,NA,33.5613,-112.1442,anonymous,EN,1,I pay attention,NA,female,53,4,5e121701dc79bd8a1a22ca99,83,archeo,basic,3,3,4,3,4,65e5f7fc770591970c0bb0c9,AWAITING REVIEW,Not Applicable,2024-03-04T16:34:08Z,2024-03-04T16:39:07Z,NA,2024-03-04T16:39:09Z,300,C232A6J3,6929,Female,White,United States,United States,United States,English,DATA_EXPIRED,DATA_EXPIRED
2024-03-04 17:34:12,2024-03-04 17:39:03,0,71.223.65.251,100,290,1,2024-03-04 17:39:03,R_7bOd2sHk4XovOeJ,NA,NA,NA,NA,33.5613,-112.1442,anonymous,EN,1,I pay attention,NA,female,53,4,5e121701dc79bd8a1a22ca99,83,entom,imp,3,4,4,4,3,65e5f7fc770591970c0bb0c9,AWAITING REVIEW,Not Applicable,2024-03-04T16:34:08Z,2024-03-04T16:39:07Z,NA,2024-03-04T16:39:09Z,300,C232A6J3,6929,Female,White,United States,United States,United States,English,DATA_EXPIRED,DATA_EXPIRED
2024-03-04 17:34:15,2024-03-04 17:39:03,0,174.84.35.123,100,288,1,2024-03-04 17:39:03,R_1HdxmHZyuPYSNKQ,NA,NA,NA,NA,43.642,-84.2673,anonymous,EN,1,I pay attention,NA,male,44,2,633edc50cfae73d4a72ca889,84,archeo,imp,2,2,2,3,3,65e5f805e446984601f2495b,AWAITING REVIEW,Not Applicable,2024-03-04T16:34:13Z,2024-03-04T16:39:04Z,NA,2024-03-04T16:39:05Z,292,C232A6J3,3515,Male,White,United States,United States,United States,English,No,Full-Time
2024-03-04 17:34:15,2024-03-04 17:39:03,0,174.84.35.123,100,288,1,2024-03-04 17:39:03,R_1HdxmHZyuPYSNKQ,NA,NA,NA,NA,43.642,-84.2673,anonymous,EN,1,I pay attention,NA,male,44,2,633edc50cfae73d4a72ca889,84,entom,basic,3,2,3,3,4,65e5f805e446984601f2495b,AWAITING REVIEW,Not Applicable,2024-03-04T16:34:13Z,2024-03-04T16:39:04Z,NA,2024-03-04T16:39:05Z,292,C232A6J3,3515,Male,White,United States,United States,United States,English,No,Full-Time
2024-03-04 17:34:20,2024-03-04 17:39:18,0,71.207.126.218,100,297,1,2024-03-04 17:39:19,R_1cBiNZG80k0hTjj,NA,NA,NA,NA,39.9649,-77.0086,anonymous,EN,1,I pay attention,NA,male,38,2,63d2a4b549eb02187fd40092,85,archeo,basic,3,4,3,4,4,65e5f806c3601a4167be3ea6,AWAITING REVIEW,Not Applicable,2024-03-04T16:34:18Z,2024-03-04T16:39:20Z,NA,2024-03-04T16:39:21Z,303,C232A6J3,3280,Male,White,United States,United States,United States,English,No,Full-Time
2024-03-04 17:34:20,2024-03-04 17:39:18,0,71.207.126.218,100,297,1,2024-03-04 17:39:19,R_1cBiNZG80k0hTjj,NA,NA,NA,NA,39.9649,-77.0086,anonymous,EN,1,I pay attention,NA,male,38,2,63d2a4b549eb02187fd40092,85,entom,imp,5,5,5,5,2,65e5f806c3601a4167be3ea6,AWAITING REVIEW,Not Applicable,2024-03-04T16:34:18Z,2024-03-04T16:39:20Z,NA,2024-03-04T16:39:21Z,303,C232A6J3,3280,Male,White,United States,United States,United States,English,No,Full-Time
2024-03-04 17:35:14,2024-03-04 17:39:29,0,70.183.63.123,100,254,1,2024-03-04 17:39:29,R_7G6yKek6h26H9aU,NA,NA,NA,NA,33.7015,-117.7528,anonymous,EN,1,I pay attention,NA,male,28,5,56c984eb10a82f0006ffd111,86,archeo,basic,2,3,3,3,4,65e5f7bfc541d4fb32f9a084,AWAITING REVIEW,Not Applicable,2024-03-04T16:35:04Z,2024-03-04T16:39:32Z,NA,2024-03-04T16:39:32Z,268,C232A6J3,6181,Male,Asian,United States,United States,United States,English,Yes,DATA_EXPIRED
2024-03-04 17:35:14,2024-03-04 17:39:29,0,70.183.63.123,100,254,1,2024-03-04 17:39:29,R_7G6yKek6h26H9aU,NA,NA,NA,NA,33.7015,-117.7528,anonymous,EN,1,I pay attention,NA,male,28,5,56c984eb10a82f0006ffd111,86,entom,imp,3,3,4,4,3,65e5f7bfc541d4fb32f9a084,AWAITING REVIEW,Not Applicable,2024-03-04T16:35:04Z,2024-03-04T16:39:32Z,NA,2024-03-04T16:39:32Z,268,C232A6J3,6181,Male,Asian,United States,United States,United States,English,Yes,DATA_EXPIRED
2024-03-04 17:34:25,2024-03-04 17:39:46,0,68.174.186.116,100,321,1,2024-03-04 17:39:47,R_71uHhN6HCO9MQGc,NA,NA,NA,NA,40.7537,-73.8892,anonymous,EN,1,I pay attention,NA,female,29,5,5f0a768d79e052185602759b,87,archeo,basic,3,3,4,4,4,65e5f6b0e3d4f05d4e71faf3,AWAITING REVIEW,Not Applicable,2024-03-04T16:34:23Z,2024-03-04T16:39:50Z,NA,2024-03-04T16:39:51Z,328,C232A6J3,4172,Female,Asian,United States,United States,United States,English,DATA_EXPIRED,DATA_EXPIRED
2024-03-04 17:34:25,2024-03-04 17:39:46,0,68.174.186.116,100,321,1,2024-03-04 17:39:47,R_71uHhN6HCO9MQGc,NA,NA,NA,NA,40.7537,-73.8892,anonymous,EN,1,I pay attention,NA,female,29,5,5f0a768d79e052185602759b,87,entom,imp,2,2,4,4,4,65e5f6b0e3d4f05d4e71faf3,AWAITING REVIEW,Not Applicable,2024-03-04T16:34:23Z,2024-03-04T16:39:50Z,NA,2024-03-04T16:39:51Z,328,C232A6J3,4172,Female,Asian,United States,United States,United States,English,DATA_EXPIRED,DATA_EXPIRED
2024-03-04 17:34:14,2024-03-04 17:40:04,0,47.153.21.228,100,350,1,2024-03-04 17:40:05,R_6f1WCEXY2jqoc9z,NA,NA,NA,NA,33.7215,-118.0509,anonymous,EN,1,I pay attention,NA,male,40,5,63251e479509813fab713ad2,88,archeo,imp,4,5,4,4,5,65e5f801443833cf586ef6dc,AWAITING REVIEW,Not Applicable,2024-03-04T16:34:12Z,2024-03-04T16:40:10Z,NA,2024-03-04T16:40:10Z,358,C232A6J3,3730,Male,White,United States,United States,United States,English,No,Full-Time
2024-03-04 17:34:14,2024-03-04 17:40:04,0,47.153.21.228,100,350,1,2024-03-04 17:40:05,R_6f1WCEXY2jqoc9z,NA,NA,NA,NA,33.7215,-118.0509,anonymous,EN,1,I pay attention,NA,male,40,5,63251e479509813fab713ad2,88,entom,basic,1,2,4,4,5,65e5f801443833cf586ef6dc,AWAITING REVIEW,Not Applicable,2024-03-04T16:34:12Z,2024-03-04T16:40:10Z,NA,2024-03-04T16:40:10Z,358,C232A6J3,3730,Male,White,United States,United States,United States,English,No,Full-Time
2024-03-04 17:30:49,2024-03-04 17:40:20,0,172.58.209.98,100,571,1,2024-03-04 17:40:21,R_1nMjGWETpb4qLMM,NA,NA,NA,NA,33.972,-118.242,anonymous,EN,1,I pay attention,NA,male,34,5,558823c2fdf99b318cb4224b,89,archeo,basic,4,5,3,3,4,65e5f6c36cfa65d99f3888e8,AWAITING REVIEW,Not Applicable,2024-03-04T16:30:47Z,2024-03-04T16:40:24Z,NA,2024-03-04T16:40:25Z,577,C232A6J3,6577,Male,White,United States,United States,United States,English,No,Full-Time
2024-03-04 17:30:49,2024-03-04 17:40:20,0,172.58.209.98,100,571,1,2024-03-04 17:40:21,R_1nMjGWETpb4qLMM,NA,NA,NA,NA,33.972,-118.242,anonymous,EN,1,I pay attention,NA,male,34,5,558823c2fdf99b318cb4224b,89,entom,imp,3,4,3,4,2,65e5f6c36cfa65d99f3888e8,AWAITING REVIEW,Not Applicable,2024-03-04T16:30:47Z,2024-03-04T16:40:24Z,NA,2024-03-04T16:40:25Z,577,C232A6J3,6577,Male,White,United States,United States,United States,English,No,Full-Time
2024-03-04 17:34:25,2024-03-04 17:40:31,0,68.119.215.59,100,365,1,2024-03-04 17:40:32,R_7wRseL8GXQQRlT3,NA,NA,NA,NA,35.7113,-82.5467,anonymous,EN,1,I pay attention,NA,male,65,5,6412285c18716831333d53b3,90,archeo,basic,2,3,2,2,5,65e5f808e5196a3a21e7b1e7,AWAITING REVIEW,Not Applicable,2024-03-04T16:34:24Z,2024-03-04T16:40:35Z,NA,2024-03-04T16:40:35Z,372,C232A6J3,1661,Male,White,United States,United States,United States,English,No,DATA_EXPIRED
2024-03-04 17:34:25,2024-03-04 17:40:31,0,68.119.215.59,100,365,1,2024-03-04 17:40:32,R_7wRseL8GXQQRlT3,NA,NA,NA,NA,35.7113,-82.5467,anonymous,EN,1,I pay attention,NA,male,65,5,6412285c18716831333d53b3,90,entom,imp,4,3,3,3,2,65e5f808e5196a3a21e7b1e7,AWAITING REVIEW,Not Applicable,2024-03-04T16:34:24Z,2024-03-04T16:40:35Z,NA,2024-03-04T16:40:35Z,372,C232A6J3,1661,Male,White,United States,United States,United States,English,No,DATA_EXPIRED
2024-03-04 17:34:25,2024-03-04 17:40:39,0,67.246.231.145,100,373,1,2024-03-04 17:40:39,R_6AJ3Fp6XZgnneZb,NA,NA,NA,NA,43.5825,-70.3513,anonymous,EN,1,I pay attention,NA,male,33,2,629aa31883e52081b06a8a8d,91,archeo,basic,3,4,3,2,5,65e5f78ce91b555beada44a6,AWAITING REVIEW,Not Applicable,2024-03-04T16:32:50Z,2024-03-04T16:40:43Z,NA,2024-03-04T16:40:44Z,474,C232A6J3,2998,Male,White,United States,United States,United States,English,DATA_EXPIRED,DATA_EXPIRED
2024-03-04 17:34:25,2024-03-04 17:40:39,0,67.246.231.145,100,373,1,2024-03-04 17:40:39,R_6AJ3Fp6XZgnneZb,NA,NA,NA,NA,43.5825,-70.3513,anonymous,EN,1,I pay attention,NA,male,33,2,629aa31883e52081b06a8a8d,91,entom,imp,3,4,4,2,3,65e5f78ce91b555beada44a6,AWAITING REVIEW,Not Applicable,2024-03-04T16:32:50Z,2024-03-04T16:40:43Z,NA,2024-03-04T16:40:44Z,474,C232A6J3,2998,Male,White,United States,United States,United States,English,DATA_EXPIRED,DATA_EXPIRED
2024-03-04 17:34:21,2024-03-04 17:41:07,0,73.237.143.21,100,406,1,2024-03-04 17:41:08,R_3ekHVr7MlDHH944,NA,NA,NA,NA,33.9978,-83.7124,anonymous,EN,1,I pay attention,NA,male,54,2,626976d0dfd20d6832fc92aa,92,archeo,imp,3,4,2,2,4,65e5f80a773bfd920df75adb,AWAITING REVIEW,Not Applicable,2024-03-04T16:34:18Z,2024-03-04T16:41:10Z,NA,2024-03-04T16:41:11Z,412,C232A6J3,3756,Male,White,United States,United States,United States,English,No,Unemployed (and job seeking)
2024-03-04 17:34:21,2024-03-04 17:41:07,0,73.237.143.21,100,406,1,2024-03-04 17:41:08,R_3ekHVr7MlDHH944,NA,NA,NA,NA,33.9978,-83.7124,anonymous,EN,1,I pay attention,NA,male,54,2,626976d0dfd20d6832fc92aa,92,entom,basic,1,2,2,2,4,65e5f80a773bfd920df75adb,AWAITING REVIEW,Not Applicable,2024-03-04T16:34:18Z,2024-03-04T16:41:10Z,NA,2024-03-04T16:41:11Z,412,C232A6J3,3756,Male,White,United States,United States,United States,English,No,Unemployed (and job seeking)
2024-03-04 17:34:56,2024-03-04 17:41:08,0,24.154.208.100,100,371,1,2024-03-04 17:41:08,R_7h8LKglbQ9VH9QJ,NA,NA,NA,NA,40.6124,-80.064,anonymous,EN,1,I pay attention,NA,male,49,5,6449b6ac80df4eb6727b570c,93,archeo,imp,2,3,4,3,4,65e5f69b5ba6ac0520388a2f,AWAITING REVIEW,Not Applicable,2024-03-04T16:34:54Z,2024-03-04T16:41:12Z,NA,2024-03-04T16:41:12Z,378,C232A6J3,1820,Male,White,United States,United States,United States,English,No,Full-Time
2024-03-04 17:34:56,2024-03-04 17:41:08,0,24.154.208.100,100,371,1,2024-03-04 17:41:08,R_7h8LKglbQ9VH9QJ,NA,NA,NA,NA,40.6124,-80.064,anonymous,EN,1,I pay attention,NA,male,49,5,6449b6ac80df4eb6727b570c,93,entom,basic,2,2,2,2,5,65e5f69b5ba6ac0520388a2f,AWAITING REVIEW,Not Applicable,2024-03-04T16:34:54Z,2024-03-04T16:41:12Z,NA,2024-03-04T16:41:12Z,378,C232A6J3,1820,Male,White,United States,United States,United States,English,No,Full-Time
2024-03-04 17:28:11,2024-03-04 17:41:21,0,24.197.132.189,100,789,1,2024-03-04 17:41:21,R_6PCv0eceX6DcrgB,NA,NA,NA,NA,34.5251,-82.6307,anonymous,EN,1,I pay attention,NA,male,37,4,6345bfdce5f06f5b4ee98ea8,94,archeo,imp,3,4,4,2,3,65e5f61f1997a2e4cb27fc76,AWAITING REVIEW,Not Applicable,2024-03-04T16:26:07Z,2024-03-04T16:41:24Z,NA,2024-03-04T16:41:24Z,917,C232A6J3,2963,Male,Black,United States,United States,United States,English,No,Full-Time
2024-03-04 17:28:11,2024-03-04 17:41:21,0,24.197.132.189,100,789,1,2024-03-04 17:41:21,R_6PCv0eceX6DcrgB,NA,NA,NA,NA,34.5251,-82.6307,anonymous,EN,1,I pay attention,NA,male,37,4,6345bfdce5f06f5b4ee98ea8,94,entom,basic,2,3,3,2,4,65e5f61f1997a2e4cb27fc76,AWAITING REVIEW,Not Applicable,2024-03-04T16:26:07Z,2024-03-04T16:41:24Z,NA,2024-03-04T16:41:24Z,917,C232A6J3,2963,Male,Black,United States,United States,United States,English,No,Full-Time
2024-03-04 17:38:00,2024-03-04 17:41:25,0,173.73.40.191,100,204,1,2024-03-04 17:41:25,R_5kNVC59ey5Cz4BC,NA,NA,NA,NA,38.7481,-77.2383,anonymous,EN,1,I pay attention,NA,male,54,5,6570efb127b3159f87286901,95,archeo,basic,2,3,2,2,5,65e5f7e20e8e36120bd572e1,AWAITING REVIEW,Not Applicable,2024-03-04T16:37:58Z,2024-03-04T16:41:28Z,NA,2024-03-04T16:41:28Z,210,C232A6J3,822,Male,White,United States,United States,United States,English,No,DATA_EXPIRED
2024-03-04 17:38:00,2024-03-04 17:41:25,0,173.73.40.191,100,204,1,2024-03-04 17:41:25,R_5kNVC59ey5Cz4BC,NA,NA,NA,NA,38.7481,-77.2383,anonymous,EN,1,I pay attention,NA,male,54,5,6570efb127b3159f87286901,95,entom,imp,2,3,5,4,4,65e5f7e20e8e36120bd572e1,AWAITING REVIEW,Not Applicable,2024-03-04T16:37:58Z,2024-03-04T16:41:28Z,NA,2024-03-04T16:41:28Z,210,C232A6J3,822,Male,White,United States,United States,United States,English,No,DATA_EXPIRED
2024-03-04 17:34:20,2024-03-04 17:41:29,0,75.128.228.159,100,428,1,2024-03-04 17:41:29,R_3qQjANgxlaOByqF,NA,NA,NA,NA,43.1228,-89.3841,anonymous,EN,1,I pay attention,NA,male,36,2,6341a541b6cfd5f8933f48c4,96,archeo,imp,3,3,5,5,4,65e5f80632b712a26ac149f3,AWAITING REVIEW,Not Applicable,2024-03-04T16:34:18Z,2024-03-04T16:41:33Z,NA,2024-03-04T16:41:33Z,435,C232A6J3,3092,Male,Black,United States,United States,United States,English,No,Full-Time
2024-03-04 17:34:20,2024-03-04 17:41:29,0,75.128.228.159,100,428,1,2024-03-04 17:41:29,R_3qQjANgxlaOByqF,NA,NA,NA,NA,43.1228,-89.3841,anonymous,EN,1,I pay attention,NA,male,36,2,6341a541b6cfd5f8933f48c4,96,entom,basic,3,1,1,3,4,65e5f80632b712a26ac149f3,AWAITING REVIEW,Not Applicable,2024-03-04T16:34:18Z,2024-03-04T16:41:33Z,NA,2024-03-04T16:41:33Z,435,C232A6J3,3092,Male,Black,United States,United States,United States,English,No,Full-Time
2024-03-04 17:36:05,2024-03-04 17:43:45,0,108.251.179.52,100,459,1,2024-03-04 17:43:46,R_5PtXWSydDgd3jF9,NA,NA,NA,NA,42.0648,-87.9356,anonymous,EN,1,I pay attention,NA,male,63,6,5ed559e5afbd830e2117ed55,97,archeo,imp,3,4,4,5,5,65e5f87160f93e714806d60d,AWAITING REVIEW,Not Applicable,2024-03-04T16:36:04Z,2024-03-04T16:43:48Z,NA,2024-03-04T16:43:49Z,464,C232A6J3,7371,Male,White,United States,United States,United States,English,No,Full-Time
2024-03-04 17:36:05,2024-03-04 17:43:45,0,108.251.179.52,100,459,1,2024-03-04 17:43:46,R_5PtXWSydDgd3jF9,NA,NA,NA,NA,42.0648,-87.9356,anonymous,EN,1,I pay attention,NA,male,63,6,5ed559e5afbd830e2117ed55,97,entom,basic,4,3,5,5,4,65e5f87160f93e714806d60d,AWAITING REVIEW,Not Applicable,2024-03-04T16:36:04Z,2024-03-04T16:43:48Z,NA,2024-03-04T16:43:49Z,464,C232A6J3,7371,Male,White,United States,United States,United States,English,No,Full-Time
2024-03-04 17:56:05,2024-03-04 18:03:01,0,24.217.129.108,100,416,1,2024-03-04 18:03:02,R_7mreavk4QeUDGR4,NA,NA,NA,NA,38.8238,-90.7432,anonymous,EN,1,I pay attention,NA,male,35,2,63e51c6b462cfa8a42eba8b2,98,archeo,basic,4,4,4,4,4,65e5f805b8f48376a826aa97,AWAITING REVIEW,Not Applicable,2024-03-04T16:42:31Z,2024-03-04T17:03:04Z,NA,2024-03-04T17:03:04Z,1233,C232A6J3,3100,Male,Mixed,United States,United States,United States,English,No,Full-Time
2024-03-04 17:56:05,2024-03-04 18:03:01,0,24.217.129.108,100,416,1,2024-03-04 18:03:02,R_7mreavk4QeUDGR4,NA,NA,NA,NA,38.8238,-90.7432,anonymous,EN,1,I pay attention,NA,male,35,2,63e51c6b462cfa8a42eba8b2,98,entom,imp,3,1,4,4,3,65e5f805b8f48376a826aa97,AWAITING REVIEW,Not Applicable,2024-03-04T16:42:31Z,2024-03-04T17:03:04Z,NA,2024-03-04T17:03:04Z,1233,C232A6J3,3100,Male,Mixed,United States,United States,United States,English,No,Full-Time
