Submission id,Participant id,Status,Custom study tncs accepted at,Started at,Completed at,Reviewed at,Archived at,Time taken,Completion code,Total approvals,Age,Sex,Ethnicity simplified,Country of birth,Country of residence,Nationality,Language,Student status,Employment status
65e9edde7cdc7a1a603fce1e,5d6a924a9e02d2001514311a,AWAITING REVIEW,Not Applicable,2024-03-07T16:39:58.157000Z,2024-03-07T16:42:45.242000Z,,2024-03-07T16:42:45.945230Z,168.0,C232A6J3,2114,30,Male,White,United Kingdom,United Kingdom,United Kingdom,English,No,Full-Time
65e9ede7cb78b4b5f7e108e1,63d13c076dd249ca3a6bffbb,AWAITING REVIEW,Not Applicable,2024-03-07T16:40:09.873000Z,2024-03-07T16:43:59.577000Z,,2024-03-07T16:44:00.352216Z,230.0,C232A6J3,931,41,Male,Asian,United Kingdom,United Kingdom,United Kingdom,English,No,Full-Time
65e9edea9d4ee8777df1ba66,6396044f6ae489bb820c67a5,AWAITING REVIEW,Not Applicable,2024-03-07T16:40:24.990000Z,2024-03-07T16:47:29.043000Z,,2024-03-07T16:47:29.609990Z,425.0,C232A6J3,1117,58,Male,White,United Kingdom,United Kingdom,United Kingdom,English,No,Full-Time
65e9ee2149427c17a9134f32,5cd1a622fa7c8b0001a48044,AWAITING REVIEW,Not Applicable,2024-03-07T16:41:05.050000Z,2024-03-07T16:45:23.060000Z,,2024-03-07T16:45:27.458519Z,259.0,C232A6J3,541,34,Male,White,United Kingdom,United Kingdom,United Kingdom,English,No,Full-Time
65e9ee87dbe87ab9e222c474,61446a1ecda939d3c22d9787,AWAITING REVIEW,Not Applicable,2024-03-07T16:42:52.305000Z,2024-03-07T16:46:11.338000Z,,2024-03-07T16:46:18.018585Z,200.0,C232A6J3,1759,28,Male,Black,United Kingdom,United Kingdom,United Kingdom,English,No,Full-Time
65e9ee91c16313f84e3a9e1c,58f63e3a5129080001111304,AWAITING REVIEW,Not Applicable,2024-03-07T16:43:06.581000Z,2024-03-07T16:51:55.437000Z,,2024-03-07T16:51:56.990748Z,529.0,C232A6J3,878,43,Male,White,United Kingdom,United Kingdom,United Kingdom,English,No,Full-Time
65e9eea2617cf485261b12e2,5e57fceae74f46000be3e217,AWAITING REVIEW,Not Applicable,2024-03-07T16:43:16.597000Z,2024-03-07T16:45:05.430000Z,,2024-03-07T16:45:08.767597Z,109.0,C232A6J3,271,22,Male,White,United Kingdom,United Kingdom,United Kingdom,English,No,Full-Time
65e9eef1c943af44dc279703,5601ab2ea66d100012d5c38a,AWAITING REVIEW,Not Applicable,2024-03-07T16:44:38.779000Z,2024-03-07T16:47:25.704000Z,,2024-03-07T16:47:26.386544Z,167.0,C232A6J3,2064,41,Male,White,United Kingdom,United Kingdom,United Kingdom,English,No,Full-Time
65e9eef3dbe87ab9e222c49e,5b200bbd325d600001c041c0,AWAITING REVIEW,Not Applicable,2024-03-07T16:44:52.754000Z,2024-03-07T16:47:54.518000Z,,2024-03-07T16:47:55.181367Z,182.0,C232A6J3,3218,33,Male,White,United Kingdom,United Kingdom,United Kingdom,English,No,Full-Time
65e9eef4583289ae91124bc6,5c56550e54f9d30001db7f50,AWAITING REVIEW,Not Applicable,2024-03-07T16:44:42.762000Z,2024-03-07T16:49:25.946000Z,,2024-03-07T16:49:26.878907Z,284.0,C232A6J3,1517,37,Male,Asian,United Kingdom,United Kingdom,United Kingdom,English,No,Other
65e9eef4445f45842f8241c1,5c8ba607c5366c0001d022cb,AWAITING REVIEW,Not Applicable,2024-03-07T16:44:39.339000Z,2024-03-07T16:48:59.007000Z,,2024-03-07T16:48:59.951925Z,260.0,C232A6J3,2520,38,Male,White,United Kingdom,United Kingdom,United Kingdom,English,No,Full-Time
65e9eef55b2e6a2df9892d62,5d5a75c570a7c1000152623e,AWAITING REVIEW,Not Applicable,2024-03-07T16:45:01.189000Z,2024-03-07T16:48:23.513000Z,,2024-03-07T16:48:24.110734Z,203.0,C232A6J3,2534,38,Male,White,United Kingdom,United Kingdom,United Kingdom,English,No,Full-Time
65e9eef5f916caf32336eeba,5a1dcd14f2e3460001edcabf,AWAITING REVIEW,Not Applicable,2024-03-07T16:44:37.495000Z,2024-03-07T16:46:56.840000Z,,2024-03-07T16:46:57.466584Z,140.0,C232A6J3,2673,59,Male,White,United Kingdom,United Kingdom,United Kingdom,English,No,Full-Time
65e9eef69dadd9a64d6518c5,5e36be214de4516479b48f31,AWAITING REVIEW,Not Applicable,2024-03-07T16:44:38.235000Z,2024-03-07T16:46:16.734000Z,,2024-03-07T16:46:22.874162Z,99.0,C232A6J3,1265,22,Male,White,United Kingdom,United Kingdom,United Kingdom,English,Yes,Full-Time
65e9eef6276498a5b786aacf,5f0dafdb774977037b78d444,AWAITING REVIEW,Not Applicable,2024-03-07T16:44:41.532000Z,2024-03-07T16:47:22.657000Z,,2024-03-07T16:47:23.275005Z,162.0,C232A6J3,1550,56,Male,White,United Kingdom,United Kingdom,United Kingdom,English,No,Full-Time
65e9eef7fb8959eb854a17a8,5bc08c345e8a950001892156,AWAITING REVIEW,Not Applicable,2024-03-07T16:44:57.685000Z,2024-03-07T16:48:18.539000Z,,2024-03-07T16:48:19.830212Z,201.0,C232A6J3,2624,55,Male,White,United Kingdom,United Kingdom,United Kingdom,English,No,"Not in paid work (e.g. homemaker', 'retired or disabled)"
65e9eef777c4359acbe107b1,5e7fa0e918b10804bb87eb63,AWAITING REVIEW,Not Applicable,2024-03-07T16:44:49.796000Z,2024-03-07T16:49:09.038000Z,,2024-03-07T16:49:09.797420Z,260.0,C232A6J3,2260,51,Male,White,United Kingdom,United Kingdom,United Kingdom,English,No,Full-Time
65e9eef81455613e92e82810,5c321ebf6558270001bd79aa,AWAITING REVIEW,Not Applicable,2024-03-07T16:44:40.201000Z,2024-03-07T16:48:52.275000Z,,2024-03-07T16:48:52.962437Z,253.0,C232A6J3,2111,43,Male,White,United Kingdom,United Kingdom,United Kingdom,English,No,Full-Time
65e9eef8c16313f84e3a9e48,572f526c3c27e7000e0b8aaa,AWAITING REVIEW,Not Applicable,2024-03-07T16:44:49.453000Z,2024-03-07T16:52:29.360000Z,,2024-03-07T16:52:30.683475Z,460.0,C232A6J3,4406,34,Male,White,United Kingdom,United Kingdom,United Kingdom,English,No,Full-Time
65e9eef9f2988db0f6632487,5daed30cfce7b000156c8bd3,AWAITING REVIEW,Not Applicable,2024-03-07T16:44:45.643000Z,2024-03-07T16:47:00.730000Z,,2024-03-07T16:47:03.445068Z,136.0,C232A6J3,27,42,Male,Asian,Tanzania,United Kingdom,United Kingdom,English,No,Full-Time
65e9eef9dce7dd83a3fa12fc,5e8c81b7d1ee09010f479a4b,AWAITING REVIEW,Not Applicable,2024-03-07T16:44:49.471000Z,2024-03-07T16:47:54.889000Z,,2024-03-07T16:47:55.513316Z,186.0,C232A6J3,189,46,Male,White,United Kingdom,United Kingdom,United Kingdom,English,No,DATA_EXPIRED
65e9eefa0037660f1b40108b,5cfde288bab656000198b943,AWAITING REVIEW,Not Applicable,2024-03-07T16:44:47.974000Z,2024-03-07T16:49:04.993000Z,,2024-03-07T16:49:05.649224Z,258.0,C232A6J3,1360,53,Male,White,United Kingdom,United Kingdom,United Kingdom,English,No,Part-Time
65e9eefa30d867a9969ab8a3,63b72f35b337507ff1b69f00,AWAITING REVIEW,Not Applicable,2024-03-07T16:44:45.862000Z,2024-03-07T16:47:37.874000Z,,2024-03-07T16:47:38.674433Z,173.0,C232A6J3,760,20,Male,Asian,United Kingdom,United Kingdom,United Kingdom,English,No,Unemployed (and job seeking)
65e9eefb103cf2072d987d08,62b44f66a16d45783569fad6,AWAITING REVIEW,Not Applicable,2024-03-07T16:44:43.178000Z,2024-03-07T16:49:37.408000Z,,2024-03-07T16:49:38.146552Z,295.0,C232A6J3,1518,31,Male,White,United Kingdom,United Kingdom,United Kingdom,English,No,Full-Time
65e9eefb8860955fa7ccc53f,654cec9d03f822b4b2b4133a,AWAITING REVIEW,Not Applicable,2024-03-07T16:44:46.064000Z,2024-03-07T16:48:12.574000Z,,2024-03-07T16:48:13.361676Z,207.0,C232A6J3,247,30,Male,Mixed,United Kingdom,United Kingdom,United Kingdom,English,No,Unemployed (and job seeking)
65e9eefca5fc46a077458a6d,62a7970f8387f3fcc95b106b,AWAITING REVIEW,Not Applicable,2024-03-07T16:44:52.246000Z,2024-03-07T16:47:56.598000Z,,2024-03-07T16:47:57.263969Z,185.0,C232A6J3,1300,32,Male,White,United Kingdom,United Kingdom,United Kingdom,English,No,Full-Time
65e9eefc6425c6a9550c3151,5dc5da21d999de45a504651b,AWAITING REVIEW,Not Applicable,2024-03-07T16:44:48.009000Z,2024-03-07T16:47:58.823000Z,,2024-03-07T16:47:59.394830Z,191.0,C232A6J3,2500,45,Male,White,United Kingdom,United Kingdom,United Kingdom,English,No,Unemployed (and job seeking)
65e9eefdf5e5181ae2ebe314,62fb93ed161d9d75987ec48e,AWAITING REVIEW,Not Applicable,2024-03-07T16:45:00.372000Z,2024-03-07T16:48:14.045000Z,,2024-03-07T16:48:14.948533Z,194.0,C232A6J3,557,25,Male,Other,United Kingdom,United Kingdom,United Kingdom,English,DATA_EXPIRED,DATA_EXPIRED
65e9eefd7e33b08e64ee46e1,5fd7772607bd47085d6397ff,AWAITING REVIEW,Not Applicable,2024-03-07T16:45:06.115000Z,2024-03-07T16:49:12.730000Z,,2024-03-07T16:49:13.462657Z,247.0,C232A6J3,1702,62,Male,White,United Kingdom,United Kingdom,United Kingdom,English,No,"Not in paid work (e.g. homemaker', 'retired or disabled)"
65e9eefe583289ae91124bca,5b4e147ad4c93b00019c9e01,AWAITING REVIEW,Not Applicable,2024-03-07T16:44:46.490000Z,2024-03-07T16:50:15.637000Z,,2024-03-07T16:50:16.451886Z,330.0,C232A6J3,3097,38,Male,White,United Kingdom,United Kingdom,United Kingdom,English,No,Full-Time
65e9eefe97a47b78a32bcfce,639f294882a3797f77a3dd81,AWAITING REVIEW,Not Applicable,2024-03-07T16:45:36.507000Z,2024-03-07T16:48:34.474000Z,,2024-03-07T16:48:35.069735Z,178.0,C232A6J3,876,52,Male,White,United Kingdom,United Kingdom,United Kingdom,English,No,Full-Time
65e9eeffa5fc46a077458a6f,6413603a62c72120012e05be,AWAITING REVIEW,Not Applicable,2024-03-07T16:44:47.023000Z,2024-03-07T16:48:12.067000Z,,2024-03-07T16:48:12.660407Z,206.0,C232A6J3,819,20,Male,Asian,United Kingdom,United Kingdom,United Kingdom,English,Yes,"Not in paid work (e.g. homemaker', 'retired or disabled)"
65e9eeffa84b89b747ccc3d3,63d79fcd741f9cfb2f87152f,AWAITING REVIEW,Not Applicable,2024-03-07T16:44:53.335000Z,2024-03-07T16:47:31.709000Z,,2024-03-07T16:47:33.562307Z,159.0,C232A6J3,1444,48,Male,Black,Nigeria,United Kingdom,United Kingdom,English,No,Other
65e9ef00dc589e75bb16c55e,63cfee94707bca4ddee3eb05,AWAITING REVIEW,Not Applicable,2024-03-07T16:44:50.569000Z,2024-03-07T16:47:45.382000Z,,2024-03-07T16:47:46.058038Z,175.0,C232A6J3,1148,43,Male,Asian,Hong Kong,United Kingdom,United Kingdom,English,DATA_EXPIRED,DATA_EXPIRED
65e9ef00e1c9204d5286ac45,5dbe90f8965e863667a79ca8,AWAITING REVIEW,Not Applicable,2024-03-07T16:44:53.165000Z,2024-03-07T16:48:58.911000Z,,2024-03-07T16:49:00.089812Z,246.0,C232A6J3,1608,32,Male,White,United Kingdom,United Kingdom,United Kingdom,English,Yes,Full-Time
65e9ef00845d515845fdc1ae,5fd8ea198512a801831f6b85,AWAITING REVIEW,Not Applicable,2024-03-07T16:44:55.103000Z,2024-03-07T16:49:00.807000Z,,2024-03-07T16:49:01.924589Z,246.0,C232A6J3,977,38,Male,Other,United Kingdom,United Kingdom,United Kingdom,English,No,Unemployed (and job seeking)
65e9ef010f63657e89fa1338,63e5eb956eab1f2740ac6289,AWAITING REVIEW,Not Applicable,2024-03-07T16:45:01.958000Z,2024-03-07T16:47:04.389000Z,,2024-03-07T16:47:06.028634Z,123.0,C232A6J3,1056,30,Male,White,United Kingdom,United Kingdom,United Kingdom,English,No,"Not in paid work (e.g. homemaker', 'retired or disabled)"
65e9ef017e33b08e64ee46e5,6310c063bd0cce86b0289d20,AWAITING REVIEW,Not Applicable,2024-03-07T16:45:38.950000Z,2024-03-07T16:52:55.112000Z,,2024-03-07T16:52:55.922768Z,437.0,C232A6J3,1734,27,Male,White,United Kingdom,United Kingdom,United Kingdom,English,No,Full-Time
65e9ef0105d31c4ea20c32d7,5739859f12d1d8000735c216,AWAITING REVIEW,Not Applicable,2024-03-07T16:44:56.213000Z,2024-03-07T16:49:27.734000Z,,2024-03-07T16:49:29.304977Z,272.0,C232A6J3,3280,38,Male,White,United Kingdom,United Kingdom,United Kingdom,English,No,Full-Time
65e9ef020d8e2f43626b860c,60578c6bcf9ae41762bd8adb,AWAITING REVIEW,Not Applicable,2024-03-07T16:44:54.311000Z,2024-03-07T16:48:14.014000Z,,2024-03-07T16:48:14.529527Z,200.0,C232A6J3,401,38,Male,White,United Kingdom,United Kingdom,United Kingdom,English,No,Full-Time
65e9ef02be5bfba7427dc1e1,62714a240ed387f760f6741b,AWAITING REVIEW,Not Applicable,2024-03-07T16:46:13.126000Z,2024-03-07T16:50:54.638000Z,,2024-03-07T16:50:55.457644Z,282.0,C232A6J3,1724,50,Male,White,United Kingdom,United Kingdom,United Kingdom,English,Yes,Unemployed (and job seeking)
65e9ef02ec26964694c6dd65,63ced717cb553d29a3beac43,AWAITING REVIEW,Not Applicable,2024-03-07T16:45:16.841000Z,2024-03-07T16:52:18.306000Z,,2024-03-07T16:52:19.392832Z,422.0,C232A6J3,1097,37,Male,White,United Kingdom,United Kingdom,United Kingdom,English,No,Full-Time
65e9ef0301d029e9949c4b97,655e0a82d5d2084400745459,AWAITING REVIEW,Not Applicable,2024-03-07T16:44:55.223000Z,2024-03-07T16:51:14.115000Z,,2024-03-07T16:51:14.680568Z,379.0,C232A6J3,260,34,Male,White,United Kingdom,United Kingdom,United Kingdom,English,No,Full-Time
65e9ef03469d7798e11b12d5,63f64240799feedb49f09c10,AWAITING REVIEW,Not Applicable,2024-03-07T16:44:51.632000Z,2024-03-07T16:48:12.720000Z,,2024-03-07T16:48:13.528529Z,202.0,C232A6J3,712,34,Male,White,United Kingdom,United Kingdom,United Kingdom,English,No,Full-Time
65e9ef04b6682797709ff63d,5ea29d4aeeb3d71b9b736017,AWAITING REVIEW,Not Applicable,2024-03-07T16:44:57.309000Z,2024-03-07T16:49:44.875000Z,,2024-03-07T16:49:45.461551Z,288.0,C232A6J3,1667,71,Male,White,United Kingdom,United Kingdom,United Kingdom,English,No,Part-Time
65e9ef04990d240b056127b8,5f9802a1306ea3045e8c0b43,AWAITING REVIEW,Not Applicable,2024-03-07T16:44:52.454000Z,2024-03-07T16:47:38.433000Z,,2024-03-07T16:47:39.263319Z,166.0,C232A6J3,2247,35,Male,White,United Kingdom,United Kingdom,United Kingdom,English,No,Unemployed (and job seeking)
65e9ef044fdcc272352cfca3,5bb7b83ab791890001f4fd90,AWAITING REVIEW,Not Applicable,2024-03-07T16:44:52.785000Z,2024-03-07T16:52:15.847000Z,,2024-03-07T16:52:17.414516Z,444.0,C232A6J3,2169,55,Male,White,United Kingdom,United Kingdom,United Kingdom,English,No,Part-Time
65e9ef05cc4943b6c8e827c1,5b1562981e55760001ba1e64,AWAITING REVIEW,Not Applicable,2024-03-07T16:44:59.468000Z,2024-03-07T16:48:14.495000Z,,2024-03-07T16:48:15.186395Z,196.0,C232A6J3,2332,61,Male,White,United Kingdom,United Kingdom,United Kingdom,English,Yes,"Not in paid work (e.g. homemaker', 'retired or disabled)"
65e9ef05bc5b2101ea4e80f4,559272f4fdf99b7e42e96932,AWAITING REVIEW,Not Applicable,2024-03-07T16:44:53.424000Z,2024-03-07T16:50:34.789000Z,,2024-03-07T16:50:35.382359Z,342.0,C232A6J3,4580,53,Male,White,United Kingdom,United Kingdom,United Kingdom,English,No,Full-Time
65e9ef9dd1e7a3da1f0cabb7,6512ae672f906eda39b7e9db,AWAITING REVIEW,Not Applicable,2024-03-07T16:47:32.682000Z,2024-03-07T16:57:00.612000Z,,2024-03-07T17:00:14.324131Z,568.0,C232A6J3,348,43,Male,White,United Kingdom,United Kingdom,United Kingdom,English,No,Other
65e9ede86a28f61593c88b32,632ceafce1ba9fd51c9de424,AWAITING REVIEW,Not Applicable,2024-03-07T16:40:08.450000Z,2024-03-07T16:42:44.154000Z,,2024-03-07T16:42:44.767934Z,156.0,C232A6J3,778,66,Female,White,United Kingdom,United Kingdom,United Kingdom,English,No,Full-Time
65e9edf86ad3a93ae116c415,616c98c5821cbeeffb348e40,AWAITING REVIEW,Not Applicable,2024-03-07T16:40:29.060000Z,2024-03-07T16:44:58.419000Z,,2024-03-07T16:45:04.001043Z,270.0,C232A6J3,647,31,Female,White,United Kingdom,United Kingdom,United Kingdom,English,No,Full-Time
65e9edfe393ac2fc61a9b181,594c69ee4b07c400013aa466,AWAITING REVIEW,Not Applicable,2024-03-07T16:40:33.646000Z,2024-03-07T16:42:44.290000Z,,2024-03-07T16:42:45.978285Z,131.0,C232A6J3,1096,33,Female,Mixed,United Kingdom,United Kingdom,United Kingdom,English,Yes,DATA_EXPIRED
65e9ee0d4fdcc272352cfc48,60e85190b9cffd8fed0a064f,AWAITING REVIEW,Not Applicable,2024-03-07T16:40:59.279000Z,2024-03-07T16:46:27.166000Z,,2024-03-07T16:46:33.201126Z,328.0,C232A6J3,1819,59,Female,White,United Kingdom,United Kingdom,United Kingdom,English,No,Part-Time
65e9ee170789aa859a5dfa91,591c70f8f399850001c51444,AWAITING REVIEW,Not Applicable,2024-03-07T16:41:01.741000Z,2024-03-07T16:44:42.016000Z,,2024-03-07T16:44:42.661950Z,221.0,C232A6J3,1163,51,Female,White,United Kingdom,United Kingdom,United Kingdom,English,No,"Not in paid work (e.g. homemaker', 'retired or disabled)"
65e9ee446a28f61593c88b54,5dec1798e4f840300cd3c680,AWAITING REVIEW,Not Applicable,2024-03-07T16:41:43.706000Z,2024-03-07T16:44:32.552000Z,,2024-03-07T16:44:34.125140Z,169.0,C232A6J3,623,35,Female,White,United Kingdom,United Kingdom,United Kingdom,English,No,Part-Time
65e9ee6e3bb7a0a0ef29d354,615eca41d537883c96fc9eec,AWAITING REVIEW,Not Applicable,2024-03-07T16:42:25.708000Z,2024-03-07T16:45:25.241000Z,,2024-03-07T16:45:29.481108Z,180.0,C232A6J3,1653,54,Female,White,United Kingdom,United Kingdom,United Kingdom,English,No,Part-Time
65e9ee7366e6cf48b06d3809,65e1e27aea1b2826655d20c0,AWAITING REVIEW,Not Applicable,2024-03-07T16:42:30.266000Z,2024-03-07T16:45:28.755000Z,,2024-03-07T16:45:31.315268Z,179.0,C232A6J3,25,31,Female,White,Germany,United Kingdom,United Kingdom,English,Yes,Full-Time
65e9eee911da5fcc8ecc9100,5b421b9ac2e3810001763252,AWAITING REVIEW,Not Applicable,2024-03-07T16:44:30.095000Z,2024-03-07T16:52:43.325000Z,,2024-03-07T16:52:44.108056Z,494.0,C232A6J3,2649,36,Female,Mixed,United Kingdom,United Kingdom,United Kingdom,English,No,Part-Time
65e9eeeb6eb743374fc6dd7c,5e37fb7f1719dd000b3f5c42,AWAITING REVIEW,Not Applicable,2024-03-07T16:44:31.316000Z,2024-03-07T16:53:42.657000Z,,2024-03-07T16:53:44.085691Z,552.0,C232A6J3,168,50,Female,White,United Kingdom,United Kingdom,United Kingdom,English,No,Part-Time
65e9eeec925d9a04906d4a0c,5daedfcfaebbbb0017ff84af,AWAITING REVIEW,Not Applicable,2024-03-07T16:44:35.137000Z,2024-03-07T16:48:05.577000Z,,2024-03-07T16:48:06.299327Z,211.0,C232A6J3,264,34,Female,White,United Kingdom,United Kingdom,United Kingdom,English,No,Unemployed (and job seeking)
65e9eeed6ad3a93ae116c486,5cebdd05b52e610018c2d220,AWAITING REVIEW,Not Applicable,2024-03-07T16:44:32.710000Z,2024-03-07T16:49:19.424000Z,,2024-03-07T16:49:20.212733Z,287.0,C232A6J3,1182,27,Female,White,United Kingdom,United Kingdom,United Kingdom,English,DATA_EXPIRED,Full-Time
65e9eeee4a0bace4f4103b51,63d14023fa0173214a9cbaa4,AWAITING REVIEW,Not Applicable,2024-03-07T16:44:33.964000Z,2024-03-07T16:53:06.765000Z,,2024-03-07T16:53:09.521957Z,513.0,C232A6J3,127,32,Female,Black,Zimbabwe,United Kingdom,United Kingdom,English,Yes,Part-Time
65e9eeefbc5b2101ea4e80ea,5e2c8f69cad44b2bc5ce9a34,AWAITING REVIEW,Not Applicable,2024-03-07T16:44:35.909000Z,2024-03-07T16:46:20.013000Z,,2024-03-07T16:46:26.162320Z,105.0,C232A6J3,897,49,Female,White,United Kingdom,United Kingdom,United Kingdom,English,No,Full-Time
65e9eeef7b5533e44d8edd71,6441071db76c204f70e132fc,AWAITING REVIEW,Not Applicable,2024-03-07T16:44:42.211000Z,2024-03-07T16:47:18.543000Z,,2024-03-07T16:47:19.104172Z,157.0,C232A6J3,471,36,Female,White,United Kingdom,United Kingdom,United Kingdom,English,No,Full-Time
65e9eef044025c5db91c0602,60e02be4699a3f5cbe314e99,AWAITING REVIEW,Not Applicable,2024-03-07T16:44:34.529000Z,2024-03-07T16:46:22.189000Z,,2024-03-07T16:46:28.425550Z,108.0,C232A6J3,1836,54,Female,White,United Kingdom,United Kingdom,United Kingdom,English,Yes,Part-Time
65e9eef1e6f81eca26502168,5dee48a67309b94df13ddbce,AWAITING REVIEW,Not Applicable,2024-03-07T16:44:43.241000Z,2024-03-07T16:49:48.689000Z,,2024-03-07T16:49:49.353319Z,306.0,C232A6J3,1807,77,Female,White,United Kingdom,United Kingdom,United Kingdom,English,No,"Not in paid work (e.g. homemaker', 'retired or disabled)"
65e9eef19e76060b3096cc5b,62fb7b36fe604ebae1dcf410,AWAITING REVIEW,Not Applicable,2024-03-07T16:45:12.174000Z,2024-03-07T16:49:05.037000Z,,2024-03-07T16:49:05.729620Z,233.0,C232A6J3,909,26,Female,White,United Kingdom,United Kingdom,United Kingdom,English,No,Full-Time
65e9eef2c999087bab15762d,5f8ee76cfd80ed0af447fa81,AWAITING REVIEW,Not Applicable,2024-03-07T16:44:45.680000Z,2024-03-07T16:50:51.762000Z,,2024-03-07T16:50:52.500722Z,367.0,C232A6J3,141,78,Female,White,United Kingdom,United Kingdom,United Kingdom,English,No,"Not in paid work (e.g. homemaker', 'retired or disabled)"
65e9eef25bd4c32e400381aa,65a8e00416fa6566fcd58051,AWAITING REVIEW,Not Applicable,2024-03-07T16:44:45.492000Z,2024-03-07T16:48:57.820000Z,,2024-03-07T16:48:58.478046Z,253.0,C232A6J3,137,51,Female,White,United Kingdom,United Kingdom,United Kingdom,English,No,Full-Time
65e9eef32aa11bd2b9c8898e,5dbb0562b1df1b110ead5bba,AWAITING REVIEW,Not Applicable,2024-03-07T16:44:38.554000Z,2024-03-07T16:48:57.898000Z,,2024-03-07T16:48:58.639743Z,260.0,C232A6J3,1978,36,Female,White,United Kingdom,United Kingdom,United Kingdom,English,No,Part-Time
65e9eef3d39d60e09e4010ab,6303c0bf11a5be642b52830e,AWAITING REVIEW,Not Applicable,2024-03-07T16:45:21.033000Z,2024-03-07T16:54:29.693000Z,,2024-03-07T16:54:30.582351Z,549.0,C232A6J3,610,35,Female,White,United Kingdom,United Kingdom,United Kingdom,English,No,Full-Time
65e9eef4f15a4234ae157611,5d5eca9f97f8b6001aee9594,AWAITING REVIEW,Not Applicable,2024-03-07T16:44:41.165000Z,2024-03-07T16:49:08.139000Z,,2024-03-07T16:49:08.866786Z,267.0,C232A6J3,1401,50,Female,White,United Kingdom,United Kingdom,United Kingdom,English,No,Unemployed (and job seeking)
65e9eef6c030b34b6d824b1c,607081b0ecb2499634a349dd,AWAITING REVIEW,Not Applicable,2024-03-07T16:44:42.325000Z,2024-03-07T16:46:19.203000Z,,2024-03-07T16:46:24.494242Z,97.0,C232A6J3,2112,44,Female,White,United Kingdom,United Kingdom,United Kingdom,English,No,Full-Time
65e9eef6c04f60e3c692e280,629f2a3b1a0be32b974e01d7,AWAITING REVIEW,Not Applicable,2024-03-07T16:44:41.746000Z,2024-03-07T16:47:39.957000Z,,2024-03-07T16:47:40.711024Z,179.0,C232A6J3,783,27,Female,White,United Kingdom,United Kingdom,United Kingdom,English,No,Full-Time
65e9eef7eedec42c8e6d47db,65cb781b800d57cbac8021d3,AWAITING REVIEW,Not Applicable,2024-03-07T16:44:43.341000Z,2024-03-07T16:48:02.835000Z,,2024-03-07T16:48:03.754016Z,200.0,C232A6J3,26,22,Female,White,United Kingdom,United Kingdom,United Kingdom,English,Yes,"Not in paid work (e.g. homemaker', 'retired or disabled)"
65e9eef717a471e05ee04aaf,5a8a8de6000dab00018cc170,AWAITING REVIEW,Not Applicable,2024-03-07T16:44:39.780000Z,2024-03-07T16:47:09.897000Z,,2024-03-07T16:47:10.537210Z,151.0,C232A6J3,1587,35,Female,White,United Kingdom,United Kingdom,United Kingdom,English,No,Part-Time
65e9eef88aa6c5e107afd817,64a9858be9b52e570ffb3c1e,AWAITING REVIEW,Not Applicable,2024-03-07T16:44:40.377000Z,2024-03-07T16:50:42.470000Z,,2024-03-07T16:50:43.290161Z,363.0,C232A6J3,452,66,Female,White,United Kingdom,United Kingdom,United Kingdom,English,No,"Not in paid work (e.g. homemaker', 'retired or disabled)"
65e9eef840b28fb2e3938366,59d3bb3200d4940001817436,AWAITING REVIEW,Not Applicable,2024-03-07T16:44:40.883000Z,2024-03-07T16:47:27.010000Z,,2024-03-07T16:47:27.665496Z,167.0,C232A6J3,548,33,Female,White,United Kingdom,United Kingdom,United Kingdom,English,No,Full-Time
65e9eef91605507b17738079,5efa358d3b02ed8465b9a726,AWAITING REVIEW,Not Applicable,2024-03-07T16:44:41.440000Z,2024-03-07T16:47:08.437000Z,,2024-03-07T16:47:09.795684Z,147.0,C232A6J3,1942,49,Female,White,United Kingdom,United Kingdom,United Kingdom,English,No,"Not in paid work (e.g. homemaker', 'retired or disabled)"
65e9eef993bce5ac2d1cb8f4,5d542c3a5af5900019bc80c4,AWAITING REVIEW,Not Applicable,2024-03-07T16:44:45.388000Z,2024-03-07T16:47:28.401000Z,,2024-03-07T16:47:29.228767Z,164.0,C232A6J3,2538,49,Female,White,United Kingdom,United Kingdom,United Kingdom,English,No,Full-Time
65e9eefa3bb7a0a0ef29d388,613bbe68c94dfc382e562d90,AWAITING REVIEW,Not Applicable,2024-03-07T16:44:47.980000Z,2024-03-07T16:46:44.566000Z,,2024-03-07T16:46:45.903656Z,117.0,C232A6J3,1371,44,Female,White,United Kingdom,United Kingdom,United Kingdom,English,No,Full-Time
65e9eefa7c503329ae523d5a,5ca5fb084f3e9d0015440d1d,AWAITING REVIEW,Not Applicable,2024-03-07T16:45:08.706000Z,2024-03-07T16:48:38.296000Z,,2024-03-07T16:48:39.134352Z,210.0,C232A6J3,2147,45,Female,White,United Kingdom,United Kingdom,United Kingdom,English,No,Part-Time
65e9eefbeedec42c8e6d47df,57d2edf35e9bc90001f76b06,AWAITING REVIEW,Not Applicable,2024-03-07T16:44:46.013000Z,2024-03-07T16:47:20.116000Z,,2024-03-07T16:47:20.837571Z,155.0,C232A6J3,489,41,Female,White,United Kingdom,United Kingdom,United Kingdom,English,No,"Not in paid work (e.g. homemaker', 'retired or disabled)"
65e9eefb6425c6a9550c314e,61746af564af4eb139bc1a4f,AWAITING REVIEW,Not Applicable,2024-03-07T16:44:47.219000Z,2024-03-07T16:46:54.820000Z,,2024-03-07T16:46:55.873666Z,128.0,C232A6J3,346,26,Female,White,United Kingdom,United Kingdom,United Kingdom,English,Yes,Part-Time
65e9eefb3d17ab5e238edeed,552a8dd1fdf99b4e4716e81b,AWAITING REVIEW,Not Applicable,2024-03-07T16:44:47.934000Z,2024-03-07T16:47:02.848000Z,,2024-03-07T16:47:04.727294Z,135.0,C232A6J3,1913,58,Female,White,United Kingdom,United Kingdom,United Kingdom,English,No,Full-Time
65e9eefc45c6e38b05d3f49e,5f778d553167a12eae0e1c00,AWAITING REVIEW,Not Applicable,2024-03-07T16:45:32.043000Z,2024-03-07T16:50:24.208000Z,,2024-03-07T16:50:25.065353Z,293.0,C232A6J3,1888,31,Female,White,United Kingdom,United Kingdom,United Kingdom,English,No,Full-Time
65e9eefc17a471e05ee04ab2,64491afdfd7c9850dbe34166,AWAITING REVIEW,Not Applicable,2024-03-07T16:44:48.737000Z,2024-03-07T16:53:01.547000Z,,2024-03-07T16:53:02.207577Z,493.0,C232A6J3,800,55,Female,White,United Kingdom,United Kingdom,United Kingdom,English,No,"Not in paid work (e.g. homemaker', 'retired or disabled)"
65e9eefd393ac2fc61a9b1e3,5c9224087a7067000190b119,AWAITING REVIEW,Not Applicable,2024-03-07T16:44:45.118000Z,2024-03-07T16:48:11.125000Z,,2024-03-07T16:48:11.924279Z,207.0,C232A6J3,2727,53,Female,White,United Kingdom,United Kingdom,United Kingdom,English,No,Full-Time
65e9eefd3bb7a0a0ef29d38c,5d696d1c55742f001af29220,AWAITING REVIEW,Not Applicable,2024-03-07T16:44:49.473000Z,2024-03-07T16:50:16.965000Z,,2024-03-07T16:50:18.183769Z,328.0,C232A6J3,1892,22,Female,White,United Kingdom,United Kingdom,United Kingdom,English,Yes,Due to start a new job within the next month
65e9eefdf2b48321d68c0d94,65a009f9618baa6910036765,AWAITING REVIEW,Not Applicable,2024-03-07T16:44:50.694000Z,2024-03-07T16:48:08.109000Z,,2024-03-07T16:48:09.071402Z,198.0,C232A6J3,28,34,Female,White,United Kingdom,United Kingdom,United Kingdom,English,No,Part-Time
65e9eefea88ec48e5a824b8c,615cb147f04efc8a8c2ff1e5,AWAITING REVIEW,Not Applicable,2024-03-07T16:44:46.176000Z,2024-03-07T16:47:50.147000Z,,2024-03-07T16:47:50.896024Z,184.0,C232A6J3,683,52,Female,White,United Kingdom,United Kingdom,United Kingdom,English,No,Full-Time
65e9eefe9b3216a9fc501fda,5d20b0157e17470001e1c635,AWAITING REVIEW,Not Applicable,2024-03-07T16:44:52.884000Z,2024-03-07T16:47:23.675000Z,,2024-03-07T16:47:24.340591Z,151.0,C232A6J3,618,35,Female,White,United Kingdom,United Kingdom,United Kingdom,English,No,"Not in paid work (e.g. homemaker', 'retired or disabled)"
65e9eefe4fdcc272352cfc9f,58642f6cda731b0001049ad5,AWAITING REVIEW,Not Applicable,2024-03-07T16:47:26.416000Z,2024-03-07T16:49:28.396000Z,,2024-03-07T16:49:28.953970Z,122.0,C232A6J3,723,58,Female,White,United Kingdom,United Kingdom,United Kingdom,English,No,"Not in paid work (e.g. homemaker', 'retired or disabled)"
65e9eeffee45af477ba37b2b,5c366fc38821900001b38b67,AWAITING REVIEW,Not Applicable,2024-03-07T16:44:54.138000Z,2024-03-07T16:49:01.473000Z,,2024-03-07T16:49:02.563189Z,248.0,C232A6J3,2095,50,Female,White,United Kingdom,United Kingdom,United Kingdom,English,No,"Not in paid work (e.g. homemaker', 'retired or disabled)"
65e9eeff67382c611c6b863e,5eb12f8510e0ce205e7b25c7,AWAITING REVIEW,Not Applicable,2024-03-07T16:45:07.762000Z,2024-03-07T16:48:46.249000Z,,2024-03-07T16:48:46.914191Z,219.0,C232A6J3,1622,36,Female,White,United Kingdom,United Kingdom,United Kingdom,English,No,DATA_EXPIRED
65e9ef0011da5fcc8ecc9109,63ebbb358ff6781d8dc68cdb,AWAITING REVIEW,Not Applicable,2024-03-07T16:45:04.278000Z,2024-03-07T16:48:35.835000Z,,2024-03-07T16:48:36.528405Z,212.0,C232A6J3,615,65,Female,White,United Kingdom,United Kingdom,United Kingdom,English,No,Part-Time
65e9ef0111b782e4b6fdbf70,65de12a7fcbc6ef9331bcc98,AWAITING REVIEW,Not Applicable,2024-03-07T16:44:58.417000Z,2024-03-07T16:49:54.797000Z,,2024-03-07T16:49:55.769437Z,297.0,C232A6J3,25,41,Female,White,United Kingdom,United Kingdom,United Kingdom,English,No,Full-Time
65e9ef0188b0123c5b9cf85e,5fdbe8c8a6a9ed0aff1e395b,AWAITING REVIEW,Not Applicable,2024-03-07T16:44:53.296000Z,2024-03-07T16:47:55.774000Z,,2024-03-07T16:47:56.429036Z,183.0,C232A6J3,454,25,Female,White,United Kingdom,United Kingdom,United Kingdom,English,No,Unemployed (and job seeking)
65e9ef018860955fa7ccc543,62b182ba39468032223841bb,AWAITING REVIEW,Not Applicable,2024-03-07T16:44:57.768000Z,2024-03-07T16:48:48.452000Z,,2024-03-07T16:48:49.238468Z,231.0,C232A6J3,1149,46,Female,White,United Kingdom,United Kingdom,United Kingdom,English,No,Other
65e9eefefbcd1b2e674cc8e1,598c4b28cceb0f0001b39675,RETURNED,Not Applicable,2024-03-07T16:44:46.226000Z,,,,,,2202,CONSENT_REVOKED,CONSENT_REVOKED,CONSENT_REVOKED,CONSENT_REVOKED,CONSENT_REVOKED,CONSENT_REVOKED,CONSENT_REVOKED,CONSENT_REVOKED,CONSENT_REVOKED
